symbol,t0,company,order_value_inr,mcap_prior,materiality_ratio,median_daily_value
AHLUCONT,2023-06-12,Ahluwalia Contracts (India) Limited,4265700000.0,39017436657.22412,0.10932804318938263,55793440.8815918
AHLUCONT,2024-06-03,Ahluwalia Contracts (India) Limited,22451500000.0,78421049401.91895,0.28629430709263903,55793440.8815918
AHLUCONT,2024-09-10,Ahluwalia Contracts (India) Limited,13070000000.0,80037116109.72656,0.1632992370949715,55793440.8815918
AHLUCONT,2025-06-27,Ahluwalia Contracts (India) Limited,11035600000.0,63090755767.336426,0.17491627522575012,55793440.8815918
AIMTRON,2025-04-24,Aimtron Electronics Limited,1280000000.0,12234638429.203735,0.10462099124602459,27908404.376220703
ALPEXSOLAR,2024-10-16,Alpex Solar Limited,2771900000.0,23498135607.495117,0.11796255014869592,45465750.0
ANURAS,2023-03-23,Anupam Rasayan India Limited,9840000000.0,93959389884.49146,0.10472609509381403,330202697.8930664
APS,2025-09-01,Australian Premium Solar (India) Limited,1094788000.0,9384353107.910156,0.11666099809023525,6808843.692779541
ASHOKA,2022-03-31,Ashoka Buildcon Limited,10790000000.0,24086052875.29927,0.4479770951206937,136379922.00291443
ASIANENE,2025-11-04,Asian Energy Services Limited,4590000000.0,16159062160.74353,0.2840511382616526,36709547.682144165
ASIANENE,2026-06-22,Asian Energy Services Limited,1876000000.0,17845183570.5,0.10512640526159837,36709547.682144165
BAJEL,2024-07-24,Bajel Projects Limited,5862800000.0,30866464975.358276,0.1899407659633349,34690373.675842285
BDL,2021-01-06,Bharat Dynamics Limited,6328800000.0,59424554572.10541,0.10650142934299442,1708276481.1116333
BLKASHYAP,2023-03-14,B. L. Kashyap and Sons Limited,1580000000.0,6267231828.00293,0.25210492341137336,18892582.835193634
BLKASHYAP,2023-07-19,B. L. Kashyap and Sons Limited,3690000000.0,10043351828.00293,0.36740722252819236,18892582.835193634
BLKASHYAP,2024-06-12,B. L. Kashyap and Sons Limited,10210000000.0,20508277075.195312,0.4978477695890387,18892582.835193634
CAPACITE,2022-04-28,Capacit'e Infraprojects Limited,8264900000.0,11573833340.59105,0.7141022128782382,60770331.436813354
CAPACITE,2024-04-18,Capacit'e Infraprojects Limited,5490000000.0,25706938981.9321,0.21356101571869757,60770331.436813354
CAPACITE,2024-10-25,Capacit'e Infraprojects Limited,12030000000.0,28410036606.635803,0.42344190423148287,60770331.436813354
CAPACITE,2025-06-24,Capacit'e Infraprojects Limited,6210000000.0,26675653725.135803,0.23279654414423862,60770331.436813354
CAPACITE,2025-10-10,Capacit'e Infraprojects Limited,5423700000.0,23579147816.864197,0.23002103562542153,60770331.436813354
CAPACITE,2026-02-04,Capacit'e Infraprojects Limited,4450000000.0,19341330321.86821,0.23007724525383977,60770331.436813354
CAPACITE,2026-06-03,Capacit'e Infraprojects Limited,5890000000.0,18902235132.14537,0.3116033611275629,60770331.436813354
CEMPRO,2021-05-12,Cemindia Projects Limited,9500000000.0,13413017597.041992,0.7082671689102279,196742267.38146973
CEMPRO,2022-01-13,Cemindia Projects Limited,46000000000.0,13983219949.335938,3.2896571867329127,196742267.38146973
CEMPRO,2022-06-08,Cemindia Projects Limited,48500000000.0,10356374372.728271,4.683106100115152,196742267.38146973
CEMPRO,2022-10-11,Cemindia Projects Limited,17550000000.0,19317677125.952637,0.9084943228718828,196742267.38146973
CEMPRO,2023-02-15,Cemindia Projects Limited,8330000000.0,17806890830.5166,0.4677964322510723,196742267.38146973
CEMPRO,2024-06-27,Cemindia Projects Limited,10820000000.0,88232804099.53125,0.12263012731403697,196742267.38146973
CEMPRO,2024-10-03,Cemindia Projects Limited,19370000000.0,91916905432.52344,0.21073381342477412,196742267.38146973
CEWATER,2026-06-01,Concord Enviro Systems Limited,1260000000.0,5857033939.0,0.2151259516544864,15014390.482131958
CMSINFO,2026-01-07,CMS Info Systems Limited,10000000000.0,54238998536.76117,0.1843691858215703,132334323.60661316
DBL,2022-01-04,Dilip Buildcon Limited,26830200000.0,69961977442.95685,0.3834968790279816,70283725.51202393
DBL,2022-05-13,Dilip Buildcon Limited,19550000000.0,34229141009.759277,0.571150762866821,70283725.51202393
DBL,2022-08-10,Dilip Buildcon Limited,14000400000.0,39605233126.499664,0.3534987398075029,70283725.51202393
DBL,2023-09-05,Dilip Buildcon Limited,12753000000.0,51001565059.586395,0.2500511500990284,70283725.51202393
DEEPINDS,2022-03-29,Deep Industries Limited,719700000.0,6390567871.09375,0.11261909966646248,103171169.2529602
DSSL,2023-06-20,Dynacons Systems & Solutions Limited,794700000.0,6071230556.220703,0.13089603378440878,38507068.459228516
DSSL,2024-04-16,Dynacons Systems & Solutions Limited,2330000000.0,11999719368.486328,0.19417120754665712,38507068.459228516
GANESHBE,2025-04-02,Ganesh Benzoplast Limited,1692400000.0,8152801928.25,0.2075850750323912,12316654.582889557
GENUSPOWER,2021-12-15,Genus Power Infrastructures Limited,3250000000.0,19408322852.062073,0.16745393328278738,150110077.25912476
GENUSPOWER,2022-04-29,Genus Power Infrastructures Limited,8285700000.0,27517839809.66297,0.30110285027135203,150110077.25912476
GENUSPOWER,2023-01-30,Genus Power Infrastructures Limited,28559600000.0,23459034866.843605,1.2174243383032524,150110077.25912476
GENUSPOWER,2023-07-04,Genus Power Infrastructures Limited,22075300000.0,35352602387.94968,0.6244321070837096,150110077.25912476
GENUSPOWER,2023-10-10,Genus Power Infrastructures Limited,31150100000.0,71490136494.60617,0.43572584313572027,150110077.25912476
GENUSPOWER,2024-08-19,Genus Power Infrastructures Limited,29255200000.0,106577071373.67996,0.27449806626254136,150110077.25912476
GIPCL,2023-05-22,Gujarat Industries Power Company Limited,36000000000.0,14367156869.24121,2.5057149669655767,38082983.262672424
GKENERGY,2026-05-06,GK Energy Limited,3538900000.0,26128029610.623108,0.13544458012100374,75197743.25483704
GOLDIAM,2021-03-30,Goldiam International Limited,800000000.0,7171690760.594845,0.11154970657625583,182339885.88653564
GPTINFRA,2023-10-19,GPT Infraprojects Limited,7390000000.0,6525954729.994202,1.132401358231084,19681328.473033905
GPTINFRA,2024-01-18,GPT Infraprojects Limited,2670000000.0,10083804841.607666,0.2647810069650575,19681328.473033905
GPTINFRA,2024-04-24,GPT Infraprojects Limited,4870000000.0,10381606961.676025,0.4690988608967506,19681328.473033905
GULPOLY,2022-12-15,Gulshan Polyols Limited,1915890356.0,12666183535.5,0.15126027114878451,23098336.053878784
GVPIL,2022-05-02,GE Power India Limited,8634000000.0,11786648967.244446,0.7325237244270378,69202301.5378418
HCC,2021-05-14,Hindustan Construction Company Limited,11470000000.0,21872559316.947765,0.5244013667441546,550986048.3487802
HCC,2023-03-14,Hindustan Construction Company Limited,36810000000.0,37589367688.94777,0.9792662729685415,550986048.3487802
HCC,2025-03-17,Hindustan Construction Company Limited,21910000000.0,59252369760.78508,0.3697742400591827,550986048.3487802
HCC,2025-09-23,Hindustan Construction Company Limited,25660000000.0,74942982852.61642,0.3423936307747878,550986048.3487802
HCC,2026-02-13,Hindustan Construction Company Limited,5770000000.0,52651309045.44777,0.10958891819801532,550986048.3487802
HFCL,2025-01-17,HFCL Limited,25013000000.0,156382947901.25598,0.15994710635454845,1854382956.9708214
HFCL,2026-03-13,HFCL Limited,101590000000.0,113958736851.60764,0.8914630225525078,1854382956.9708214
INDIANHUME,2022-06-20,Indian Hume Pipe Company Limited,1100000000.0,7090820261.021118,0.15513014848885676,11998754.533111572
INDIANHUME,2023-08-18,Indian Hume Pipe Company Limited,6391600000.0,13906305604.846802,0.45961883634804623,11998754.533111572
INDIANHUME,2024-09-02,Indian Hume Pipe Company Limited,8588800000.0,27593228165.042725,0.31126477658315344,11998754.533111572
IRCON,2022-02-28,Ircon International Limited,17800000000.0,34319080091.856384,0.5186619207845196,434721430.4107132
ITI,2023-05-23,ITI Limited,38890000000.0,102110454038.74101,0.38086208083302636,144253458.71346283
JKIL,2022-10-03,J.Kumar Infraprojects Limited,3523049980.0,22322384159.74774,0.15782588252167293,50382513.50543213
JKIL,2023-03-21,J.Kumar Infraprojects Limited,1823399706.0,17747426637.25647,0.10274163929615628,50382513.50543213
JKIL,2024-03-05,J.Kumar Infraprojects Limited,4929904656.0,48295947643.6582,0.1020769836089416,50382513.50543213
JKIL,2025-03-24,J.Kumar Infraprojects Limited,10207021000.0,50958145922.418335,0.20030204818557892,50382513.50543213
JKIL,2026-02-13,J.Kumar Infraprojects Limited,6155325203.0,42436997192.79761,0.14504620048952663,50382513.50543213
JWL,2023-12-15,Jupiter Wagons Limited,16170000000.0,139587936087.6675,0.11584095626891791,552569712.251976
JYOTISTRUC,2022-09-27,Jyoti Structures Limited,2370000000.0,19993803944.75,0.11853672300424441,115283066.36711168
JYOTISTRUC,2025-08-11,Jyoti Structures Limited,6390000000.0,19969930199.595844,0.3199810883730241,115283066.36711168
KEC,2021-01-11,KEC International Limited,10240000000.0,91956786676.02539,0.1113566531644557,376288937.3097229
KEC,2021-04-22,KEC International Limited,12450000000.0,106054200231.9336,0.11739280455439449,376288937.3097229
KEC,2022-06-21,KEC International Limited,10920000000.0,94042258306.88477,0.11611801116435498,376288937.3097229
KEC,2022-09-21,KEC International Limited,11230000000.0,109843333990.47852,0.10223651806648043,376288937.3097229
KEC,2023-12-28,KEC International Limited,15660000000.0,153566009716.79688,0.10197569129314381,376288937.3097229
KEC,2026-06-30,KEC International Limited,17540000000.0,135619833862.30469,0.12933211537339315,376288937.3097229
KERNEX,2024-01-02,Kernex Microsystems (India) Limited,1094650000.0,9773827146.544678,0.11199809282354553,214992437.73034668
KPIL,2021-03-03,Kalpataru Projects International Limited,15540000000.0,63138354244.14697,0.24612614924850662,163163887.75073242
KPIL,2021-07-16,Kalpataru Projects International Limited,16240000000.0,73411713331.45935,0.2212181035289994,163163887.75073242
KPIL,2021-12-02,Kalpataru Projects International Limited,17950000000.0,62303201030.75281,0.288107187159451,163163887.75073242
KPIL,2022-03-10,Kalpataru Projects International Limited,32760000000.0,61121093121.392944,0.5359851783889922,163163887.75073242
KPIL,2022-06-22,Kalpataru Projects International Limited,22900000000.0,58279190510.86981,0.3929361372260114,163163887.75073242
KPIL,2022-11-04,Kalpataru Projects International Limited,35670000000.0,76794503376.64911,0.46448636857577713,163163887.75073242
KPIL,2023-02-02,Kalpataru Projects International Limited,24560000000.0,84945364218.97302,0.28912701977107286,163163887.75073242
KPIL,2023-06-30,Kalpataru Projects International Limited,10080000000.0,87162342917.0387,0.11564627180334247,163163887.75073242
KPIL,2023-12-29,Kalpataru Projects International Limited,32440000000.0,109795636022.45581,0.2954580088535145,163163887.75073242
KPIL,2024-03-28,Kalpataru Projects International Limited,20710000000.0,177942074455.87207,0.11638618951323894,163163887.75073242
KPIL,2024-11-13,Kalpataru Projects International Limited,22730000000.0,208722908637.01758,0.10890036052309388,163163887.75073242
KPIL,2025-03-07,Kalpataru Projects International Limited,23060000000.0,154157234055.40613,0.1495875308174765,163163887.75073242
KRYSTAL,2025-09-02,Krystal Integrated Services Limited,3700000000.0,9403123696.0,0.39348626261015207,12097254.420196533
LIKHITHA,2023-07-20,Likhitha Infrastructure Limited,2355000000.0,10919314068.603516,0.21567288798582784,8403190.883743286
MAHLIFE,2025-06-27,Mahindra Lifespace Developers Limited,12500000000.0,75841874282.70657,0.1648166018867791,41835921.56349182
MAHLIFE,2025-10-13,Mahindra Lifespace Developers Limited,8000000000.0,78240767808.49127,0.10224848533671702,41835921.56349182
MANAKCOAT,2024-09-30,Manaksia Coated Metals & Industries Limited,2000000000.0,7070609902.444077,0.28286103003768687,23983299.875602722
MANINDS,2021-08-02,Man Industries (India) Limited,2000000000.0,9648942739.741959,0.2072765953685705,216378985.0345459
MANINDS,2022-05-02,Man Industries (India) Limited,8070000000.0,6815390841.113808,1.1840846971413246,216378985.0345459
MANINDS,2023-03-16,Man Industries (India) Limited,13000000000.0,6316162750.518082,2.058211688565764,216378985.0345459
MANINDS,2023-10-03,Man Industries (India) Limited,4000000000.0,13985534284.038956,0.2860098097621494,216378985.0345459
MANINDS,2024-01-15,Man Industries (India) Limited,4000000000.0,25308228797.57791,0.15805136076463852,216378985.0345459
MANINDS,2024-05-21,Man Industries (India) Limited,5050000000.0,27521011142.07791,0.18349616494572993,216378985.0345459
MANINDS,2025-06-05,Man Industries (India) Limited,11500000000.0,29572523366.75,0.3888744919525561,216378985.0345459
MANINDS,2025-09-03,Man Industries (India) Limited,17000000000.0,29178723119.0,0.5826163102020832,216378985.0345459
MANINDS,2026-01-12,Man Industries (India) Limited,5500000000.0,26377115184.32791,0.20851408357453172,216378985.0345459
MANINFRA,2021-09-15,Man Infraconstruction Limited,2500000000.0,21917897517.75444,0.11406203528303262,61921271.77417374
MANINFRA,2022-04-13,Man Infraconstruction Limited,9378900000.0,46186039412.341194,0.20306785598710375,61921271.77417374
MANINFRA,2023-06-23,Man Infraconstruction Limited,6800000000.0,45655484909.3515,0.1489415787281929,61921271.77417374
NBCC,2021-09-27,NBCC (India) Limited,9685000000.0,79899509811.40137,0.121214761177646,1076020145.1950035
NCC,2021-02-01,NCC Limited,12000000000.0,33950833465.644882,0.35345229483520324,393211227.5655823
NCC,2021-09-01,NCC Limited,8770000000.0,46065963311.98132,0.19037917302641114,393211227.5655823
NCC,2022-01-03,NCC Limited,18980000000.0,40892628520.31946,0.46414233290405577,393211227.5655823
NCLIND,2021-08-02,NCL Industries Limited,18631900000.0,10724389027.541656,1.7373390644586657,10235348.916801453
NETWEB,2025-09-03,Netweb Technologies India Limited,17340000000.0,134656166736.85693,0.12877241659407673,4675399327.057495
NIBE,2026-01-05,NIBE Limited,2926900000.0,19172593603.32251,0.15266061861827518,54914212.5
PATELENG,2022-04-19,Patel Engineering Limited,4197000000.0,23556181278.129433,0.1781697954539293,135644579.04406548
PATELENG,2023-05-04,Patel Engineering Limited,5082400000.0,20294763561.25,0.25042913087709623,135644579.04406548
PATELENG,2023-09-05,Patel Engineering Limited,12753000000.0,53005147183.5,0.24059927530905692,135644579.04406548
PATELENG,2026-03-19,Patel Engineering Limited,9100800000.0,23847540338.31079,0.38162426274963346,135644579.04406548
POWERMECH,2021-06-28,Power Mech Projects Limited,92941400000.0,10556238768.16333,8.804404868171694,180084603.5
POWERMECH,2021-10-11,Power Mech Projects Limited,4486000000.0,15895887771.298096,0.2822113533098795,180084603.5
POWERMECH,2022-03-14,Power Mech Projects Limited,21200000000.0,13889871287.210815,1.5262920412747114,180084603.5
POWERMECH,2022-08-18,Power Mech Projects Limited,61632000000.0,18151968014.12915,3.395334321437037,180084603.5
POWERMECH,2022-12-26,Power Mech Projects Limited,10341300000.0,29069777598.230713,0.35574059571165784,180084603.5
POWERMECH,2023-04-21,Power Mech Projects Limited,7200000000.0,38971278928.78125,0.18475144254715806,180084603.5
POWERMECH,2023-07-31,Power Mech Projects Limited,304380000000.0,66702912019.81348,4.563219067701073,180084603.5
QUADFUTURE,2026-01-14,Quadrant Future Tek Limited,2870000000.0,12188000488.28125,0.2354775094372126,95622836.9718628
RAMKY,2026-03-05,Ramky Infrastructure Limited,14018400000.0,29789649025.5,0.47057956231710624,24097979.86616516
RPPINFRA,2024-06-24,R.P.P. Infra Projects Limited,1521100000.0,6414201343.457367,0.23714565829018713,5089334.727333069
RUSTOMJEE,2026-03-06,Keystone Realtors Limited,45210000000.0,50486363682.146576,0.8954893302404259,15757876.834274292
SALASAR,2021-11-29,Salasar Techno Engineering Limited,1700000000.0,9211428778.449879,0.18455334572820528,28373573.96032715
SALASAR,2022-12-20,Salasar Techno Engineering Limited,7484600000.0,18161169106.72985,0.4121210455127851,28373573.96032715
SALASAR,2025-11-27,Salasar Techno Engineering Limited,6951800000.0,17549420844.92099,0.39612703242067004,28373573.96032715
SATIA,2023-01-02,Satia Industries Limited,2000000000.0,12899546813.964844,0.15504420650148978,5951486.272661209
SPMLINFRA,2025-03-10,SPML Infra Limited,6179800000.0,14105209682.371704,0.4381218102502468,63193097.17259216
SPMLINFRA,2025-07-11,SPML Infra Limited,3850000000.0,23038565816.217926,0.16711109670246074,63193097.17259216
SRM,2025-08-20,SRM Contractors Limited,1740000000.0,11098109820.080566,0.156783454859286,47161638.25366211
SRM,2026-04-06,SRM Contractors Limited,4830000000.0,9586086479.919434,0.5038552500144557,47161638.25366211
STLTECH,2024-11-13,Sterlite Technologies Limited,26000000000.0,61181134928.43265,0.4249675987608567,1226388650.502716
SURYAROSNI,2022-05-02,Surya Roshni Limited,6086300000.0,22392885971.76831,0.27179614131350754,88189557.79100037
SWSOLAR,2021-10-01,Sterling and Wilson Renewable Energy Limited,15000000000.0,93416556400.0,0.16057110835654825,311455063.91158295
SWSOLAR,2022-08-23,Sterling and Wilson Renewable Energy Limited,22000000000.0,65601775306.47647,0.3353567780326224,311455063.91158295
SWSOLAR,2026-04-20,Sterling and Wilson Renewable Energy Limited,35500000000.0,45300023897.354706,0.7836640457506033,311455063.91158295
TALBROAUTO,2022-12-02,Talbros Automotive Components Limited,4200000000.0,5659761918.3151245,0.7420806847738064,26704434.589508057
TALBROAUTO,2024-04-18,Talbros Automotive Components Limited,10000000000.0,17243048889.056396,0.5799438408103497,26704434.589508057
TALBROAUTO,2024-11-27,Talbros Automotive Components Limited,4750000000.0,18407525346.67511,0.258046636391457,26704434.589508057
TALBROAUTO,2026-02-06,Talbros Automotive Components Limited,10000000000.0,17394991916.482544,0.5748781056071975,26704434.589508057
TARIL,2023-03-28,Transformers And Rectifiers (India) Limited,1840000000.0,8084601882.675247,0.22759314888998988,900850436.820427
TARIL,2023-07-26,Transformers And Rectifiers (India) Limited,1340000000.0,13100050937.263298,0.10228967859875637,900850436.820427
TEJASNET,2023-08-16,Tejas Networks Limited,74920000000.0,144011522226.77203,0.5202361508409376,1403528876.2756653
ZENTEC,2021-07-20,Zen Technologies Limited,1200000000.0,8488782465.705139,0.14136302877921839,644860237.0697021
