symbol,shares
20MICRONS,35286502
360ONE,407564504
3IINFOLTD,212610630
3MINDIA,11265070
63MOONS,46078537
A2ZINFRA,177522358
AADHARHFC,437737458
AAKASH,101250000
AARON,20946478
AARTECH,31770375
AARTIDRUGS,91270000
AARTIIND,362726695
AARTIPHARM,90679813
AARVI,14810700
AAVAS,79290026
ABAN,58365323
ABB,211908375
ABCAPITAL,2737370269
ABCOTS,21963620
ABDL,279710151
ABFRL,1216777241
ABINFRA,638789360
ABREL,110577844
ABSMARINE,24550000
ACC,187787263
ACCELYA,14926261
ACCENTMIC,23989020
ACCORD,3472000
ACCURACY,150560000
ACE,119027888
ACEINTEG,10200000
ACI,123458394
ACMESOLAR,706291446
ACUTAAS,81871122
ADANIENSOL,1222954468
ADANIENT,1352949234
ADANIGREEN,1647176155
ADANIPORTS,2303959098
ADANIPOWER,19284694705
ADOR,17402815
ADROITINFO,54628520
ADSL,56650603
ADVAIT,10936777
ADVANCE,64285720
ADVANIHOTR,92438500
ADVENZYMES,111705261
AEGISLOG,351000000
AEGISVOPAK,1107991489
AEQUS,654854135
AEROENTER,113164200
AEROFLEX,132330768
AERONEU,25796000
AETHER,132727845
AFCONS,367784631
AFFLE,140740451
AFFORDABLE,11851105
AFIL,426749960
AFSL,50839759
AGARIND,14957789
AGARWALEYE,316983028
AGARWALFT,7243488
AGI,64697381
AGIIL,124997388
AGNI,19534800
AGRITECH,5940000
AGROPHOS,20274115
AGSTRA,128106004
AGUL,5484000
AHCL,531515000
AHLADA,12921000
AHLEAST,17291696
AHLUCONT,66987560
AHLWEST,11651210
AIFL,25211400
AIIL,849225500
AILIMITED,12043140
AIMTRON,20609177
AISL,10352200
AJANTPHARM,124959024
AJMERA,196795650
AJOONI,172243598
AJRINFRA,941830724
AKASH,16862534
AKI,103205956
AKIKO,10769600
AKSHAR,787468500
AKSHARCHEM,8033099
AKSHOPTFBR,162697971
AKUMS,153102058
ALANKIT,271158100
ALICON,16336840
ALIVUS,122771448
ALKEM,119565000
ALLCARGO,1497778469
ALLDIGI,15238326
ALLETEC,20194176
ALLTIME,65507778
ALMONDZ,174899756
ALOKINDS,4965240401
ALPEXSOLAR,24473400
ALPHAGEO,6364767
ALPSINDUS,39114100
ALUWIND,24847420
AMANTA,38829351
AMBER,35267767
AMBICAAGAR,17177400
AMBIKCO,5725000
AMBUJACEM,2484817186
AMEYA,7500000
AMIABLE,1748200
AMNPLST,55020000
ANANTRAJ,359876930
ANDHRAPAP,198850195
ANGELONE,913687448
ANIKINDS,27753486
ANKITMETAL,141110500
ANLON,6255400
ANNAPURNA,17590000
ANSALAPI,157404876
ANTELOPUS,35162358
ANTHEM,561713851
ANUP,20031466
ANURAS,113849841
APARINDS,41872337
APCL,29374764
APCOTEXIND,51844960
APEX,31250000
APLAPOLLO,277658405
APLLTD,196563124
APOLLO,371599512
APOLLOHOSP,143784657
APOLSINHOT,2600400
APS,19740000
APTECHT,58002817
AQYLON,253730560
ARABIAN,10892000
ARCHIES,33780000
ARE&M,183025364
ARFIN,168722482
ARIES,13004339
ARIHANTACA,6055200
ARIHANTCAP,109612400
ARIHANTSUP,43249991
ARIS,81793846
ARISTO,6807800
ARKADE,185663617
ARMANFIN,10514761
ARSHIYA,263475915
ARSSBL,63066400
ARSSINFRA,90118498
ARTNIRMAN,24956000
ARVIND,262139640
ARVINDFASN,133672300
ARVSMART,45866979
ASAHIINDIA,254927192
ASAHISONG,11787262
ASALCBR,20079200
ASHIANA,100524857
ASHIMASYN,191660078
ASHOKA,280723217
ASIANENE,48591378
ASIANHOTNR,42633229
ASIANPAINT,958644295
ASIANTILES,296475285
ASIL,4116970
ASKAUTOLTD,197142600
ASMS,304576740
ASTEC,22282238
ASTERDM,871672439
ASTRAL,268650163
ASTRAMICRO,94945008
ASTRAZEN,25000000
ASTRON,46500000
ATALREAL,123896250
ATAM,11463000
ATGL,1099810083
ATL,252060324
ATLANTAA,81500000
ATLANTAELE,76896625
ATLASCYCLE,6503838
ATMASTCO,24734690
ATULAUTO,27751280
AUBANK,749004181
AURIGROW,666240000
AURIONPRO,55213530
AUROIMPEX,12200800
AUROPHARMA,575377895
AURUM,76352367
AUSOMENT,13623552
AUSTRAL,290296000
AUTOAXLES,15111975
AUTOIND,45375401
AVALON,66811755
AVANTEL,265710850
AVG,18708076
AVONMORE,282184741
AVPINFRA,24979200
AVROIND,13417140
AVSL,5331120
AWFIS,71563186
AWHCL,28371681
AWL,1291817635
AXISBANK,3113082830
AXISCADES,42533489
AXITA,382673533
AYMSYNTEX,58734091
AZAD,64581743
BABAFP,16326403
BAFNAPH,23656335
BAHETI,10368530
BAIDFIN,154888107
BAJAJ-AUTO,274803838
BAJAJCON,130618321
BAJAJELEC,115392769
BAJAJFINSV,1600244726
BAJAJHCARE,33662661
BAJAJHIND,2388886041
BAJAJINDEF,32000000
BAJEL,115696935
BAJFINANCE,6220913102
BALAJITELE,121902291
BALAXI,55207500
BALKRISHNA,32219532
BALLARPUR,55000000
BALMLAWRIE,171003846
BALPHARMA,15920872
BALRAMCHIN,211597496
BALUFORGE,114991900
BANARBEADS,6597522
BANARISUG,12539700
BANDHANBNK,1611111580
BANKA,10874207
BANKBARODA,5171362179
BANSALWIRE,156555952
BASF,43285640
BASILIC,23240000
BASML,79921375
BATAINDIA,128527540
BBOX,177599205
BBTC,69771900
BBTCL,20511240
BCG,2018521873
BCLIND,295163340
BCONCEPTS,12481877
BCPL,16723638
BDL,366562500
BEARDSELL,39437000
BECTORFOOD,306990595
BEDMUTHA,32263884
BEL,7309778829
BELRISE,967151919
BEML,83289000
BEPL,248858460
BERGEPAINT,1166002812
BETA,10094553
BEWLTD,13073324
BFINVEST,37667628
BFUTILITIE,37667628
BGRENERGY,72161560
BHAGERIA,43644180
BHAGYANGR,33496434
BHANDARI,332956433
BHARATFORG,478088632
BHARATRAS,16621072
BHARATSE,62800000
BHARATWIRE,68782985
BHARTIARTL,6238008259
BHEL,3482063355
BIGBLOC,141575750
BIKAJI,250736400
BIL,13410411
BIRLACABLE,30000000
BIRLACORPN,77005347
BIRLAMONEY,56509201
BIRLATYRE,142590000
BKMINDST,65534050
BLBLIMITED,52865258
BLISSGVS,106275222
BLKASHYAP,225440000
BLS,411522253
BLSE,90654077
BLUEBLENDS,21651200
BLUEDART,23727934
BLUEJET,173465425
BLUEPEBBLE,4080000
BLUESTARCO,205592636
BLUSPRING,149502111
BMETRICS,12313920
BMWVENTLTD,86715000
BODALCHEM,125944065
BOMDYEING,206534900
BOROLTD,119587629
BORORENEW,147183709
BPCL,4272584874
BRFL,317476000
BRIGADE,326162379
BRIGHOTEL,379842565
BRIGHT,24999000
BRITANNIA,240868296
BRNL,83950000
BROOKS,29457248
BSE,406129077
BSHSL,104937280
BSOFT,279579589
BTML,181697777
BURNPUR,17224873
BUTTERFLY,17879551
BVCL,22160000
BYKE,52279300
CALSOFT,15457106
CAMLINFINE,192091613
CAMS,248297551
CANARYS,57196113
CANDC,25445300
CANFINHOME,133154591
CANHLIFE,947484925
CAPACITE,84604043
CAPILLARY,79471983
CAPLIPOINT,76011696
CAPTRUST,33875489
CARBORUNIV,190505384
CARERATING,30087146
CARRARO,56851538
CARTRADE,48512035
CARYSIL,28442606
CASTROLIND,989122384
CCAVENUE,3472828470
CCCL,446759451
CCL,133335339
CDSL,209000000
CEATLTD,40450092
CEIGALL,174204861
CEINSYS,20937661
CELESTIAL,22586400
CELLECOR,217677800
CEMPRO,171787584
CENTENKA,21850589
CENTEXT,80000000
CENTRALBK,9051401274
CENTRUM,474507460
CENTUM,14762016
CENTURYPLY,222172990
CEREBRAINT,121186482
CESC,1325570430
CEWATER,20696233
CGCL,962153962
CGPOWER,1575450059
CGRAPHICS,24286000
CHAMBLFERT,400652297
CHAVDA,24656000
CHEMBOND,13448288
CHEMCON,36630701
CHEMFAB,14373702
CHEMPLASTS,158109574
CHENNPETRO,148911400
CHOICEIN,222776500
CHOLAFIN,854065996
CIEINDIA,379362377
CINEVISTA,57436475
CIPLA,807853166
CKFSL,72854496
CLCIND,103947
CLEAN,106282520
CLEANMAX,117271170
CLEDUCATE,54292947
CLOUD,41054393
CLSL,17140000
CMICABLES,16027457
CMMIPL,156732
CMNL,24134764
CMRSL,2928000
CMSINFO,160063415
CNL,15016675
COALINDIA,6162728327
COASTCORP,66977230
COCHINSHIP,263080780
COFFEEDAY,211251719
COFORGE,442920492
COMMITTED,11459600
COMPINFO,85768064
COMPUSOFT,79125188
CONCOR,761617935
CONCORDBIO,104616204
CONFIPET,332241043
CONTROLPR,15994212
CORDSCABLE,12927780
COROMANDEL,294541099
COSMOFIRST,25958155
COUNCODOS,77597300
CPCAP,18192939
CPEDU,18192939
CPPLUS,118300435
CPS,2211120
CRAFTSMAN,26154433
CRAYONS,24430000
CREDITACC,160259533
CREST,28268775
CRISIL,73130017
CRIZAC,174982500
CROMPTON,643914875
CROWN,11223344
CSBBANK,169477587
CUB,990787237
CUMMINSIND,277200000
CUPID,1344660700
CYBERMEDIA,20620657
CYBERTECH,30280593
CYIENT,104090454
CYIENTDLM,79364396
DABUR,1773957026
DALBHARAT,187565953
DALMIASUG,80939303
DANGEE,153975000
DATAMATICS,59106389
DATAPATTNS,55983969
DBCORP,178254679
DBEIL,465808600
DBL,162444833
DBOL,65788590
DBREALTY,542406761
DCAL,156783095
DCBBANK,322077427
DCI,16400000
DCM,18677749
DCMFINSERV,22125054
DCMNVL,18677749
DCMSHRIRAM,154854814
DCMSRIND,86992185
DCW,295155017
DCXINDIA,111386427
DEEDEV,75239438
DEEM,8337272
DEEPAKFERT,126237825
DEEPAKNTR,136393041
DEEPINDS,64000000
DELAPLEX,9110000
DELHIVERY,749166930
DELPHIFX,245267775
DELTACORP,267771097
DELTAMAGNT,10851120
DENEERS,8606400
DENORA,5308634
DENTA,26700000
DENTALKART,16016208
DESTINY,15388000
DEVIT,56363714
DEVYANI,1232939791
DGCONTENT,58022421
DHAMPURSUG,64306509
DHANBANK,394698851
DHANUKA,44578324
DHARAN,5228758452
DHARMAJ,33797296
DHARSUGAR,33200000
DHRUV,18966569
DHTL,3142800
DHUNINV,6097178
DIACABS,598071060
DIAMONDYD,23929955
DICIND,9178977
DIFFNKG,37126259
DIGIKORE,12665600
DIGISPICE,208603263
DIGJAMLMTD,20000000
DIL,162736115
DISHTV,1841256154
DIVGIITTS,30582927
DIVISLAB,265468580
DIXON,60801893
DJML,35929249
DKEGL,7508000
DLF,2475311706
DMCC,24939933
DNAMEDIA,117708018
DODLA,60327809
DOLLAR,56716120
DOLPHIN,40004580
DOMS,60688336
DONEAR,52000000
DPABHUSHAN,22827920
DPEL,23765080
DPSCLTD,973789640
DQE,79282896
DRCSYSTEMS,144081330
DREAMFOLKS,53269862
DREDGECORP,28000000
DRONE,24399998
DRREDDY,833000073
DRSDILIP,15062403
DSKULKARNI,10000000
DSSL,12737080
DTIL,10507427
DTL,8260646
DUCOL,16293958
DUCON,459687351
DUGLOBAL,69776480
DURLAX,18071158
DVL,35024754
DYCL,48458638
DYNAMATECH,6791443
DYNAMIC,23518192
E2E,205457890
EASEMYTRIP,3984650000
EASTSILK,5000000
EBGNG,114011517
ECLERX,92025272
ECOSMOBLTY,60000000
EDELWEISS,946531653
EDUCOMP,122467168
EFACTOR,13088098
EFCIL,147946162
EFFWA,23147167
EICHERMOT,274521706
EIDPARRY,177955692
EIEL,175530000
EIFFL,24800000
EIMCOELECO,5768385
EKC,112207682
ELECON,224399930
ELECTCAST,618184591
ELECTHERM,12742814
ELGIEQUIP,315241478
ELGIRUBCO,50050000
ELIN,49709220
ELLEN,140935600
EMAMILTD,436500000
EMAMIPAP,60499050
EMAMIREAL,52033889
EMCURE,189699247
EMKAYTOOLS,10671300
EMMBI,19240250
EMMIL,11326500
EMMVEE,692345033
EMSLIMITED,55530807
ENDURANCE,140662848
ENFUSE,8847600
ENGINERSIN,562042373
ENIL,47670415
ENRIN,356120505
ENSER,87160590
EPACK,96228477
EPACKPEB,100631006
EPIGRAL,43141338
EPL,320297659
EQUIPPP,103095225
EQUITASBNK,1143896368
ERIS,138583305
EROSMEDIA,95914119
ESABINDIA,15393020
ESAFSFB,516018126
ESCONET,12360000
ESCORTS,110027390
ESFL,24839040
ESSARSHPNG,206976072
ESSENTIA,1755283254
ESTER,104295042
ETERNAL,9205393097
ETHOSLTD,26757693
EUROPRATIK,102200000
EVERESTIND,15855754
EXCELINDUS,12570692
EXICOM,139079771
EXIDEIND,850000000
EXPLEOSOL,15519739
EXXARO,447410700
FABTECH,44450794
FACT,647071974
FAZE3Q,24549762
FCL,1164500900
FCONSUMER,1997034643
FDC,162810084
FEDERALBNK,2469603482
FEDFINA,374960731
FEL,454930401
FELDVR,39374679
FELIX,13673070
FIBERWEB,28791710
FIDEL,13750560
FIEMIND,26319660
FILATEX,444058375
FILATFASH,8334072725
FINCABLES,152939345
FINEORG,30659976
FINOPB,83218402
FINPIPE,618313905
FIRSTCRY,485359263
FISCHER,684407253
FLAIR,105395378
FLEXITUFF,32822806
FLFL,201774874
FLUOROCHEM,109850000
FMGOETZE,55632130
FMNL,66762955
FOCUS,67229575
FONEBOX,10260000
FORCEMOT,13176262
FORTIS,754958148
FOSECOIND,7537259
FRACTAL,171965112
FRETAIL,542284079
FROG,15528900
FSL,690535266
FUSION,161324249
GABRIEL,177230023
GAEL,458670660
GAIL,6575079643
GALAXYSURF,35454752
GALLANTT,241280945
GANDHAR,97879530
GANDHITUBE,12152000
GANECOS,26737394
GANESHBE,71989421
GANESHHOU,83387090
GANGAFORGE,169700269
GANGESSECU,10003687
GARFIBRES,97648345
GARUDA,93041742
GATECH,1597742236
GATECHDVR,189665894
GATEWAY,499643836
GAYAHWS,239651900
GAYAPROJ,464299000
GBGLOBAL,50033100
GEECEE,20911729
GEMAROMA,52237138
GENCON,56986219
GENESYS,61248089
GENSOL,38446368
GENUSPAPER,257125940
GENUSPOWER,276598765
GESHIP,142767161
GFLLIMITED,109850000
GGBL,24801000
GHCL,91664382
GHCLTEXTIL,95585786
GICHSGFIN,53851066
GICL,111954588
GILLETTE,32585217
GINNIFILA,85650065
GIPCL,155215944
GIRIRAJ,23920500
GKENERGY,202817266
GKWLIMITED,5966500
GLENMARK,282224672
GLFL,27125767
GLOBAL,50901500
GLOBALPET,11787408
GLOBE,450418788
GLOBECIVIL,59718999
GLOBUSSPR,31461293
GLOSTERLTD,10943260
GMDCLTD,318000000
GMMPFAUDLR,44957224
GMRAIRPORT,10558975952
GMRP&UI,781017529
GNA,42930800
GNFC,146940683
GOACARBON,9151052
GOCLCORP,49572490
GOCOLORS,52595984
GODAVARIB,51175977
GODFRYPHLP,155981760
GODIGIT,924499031
GODREJAGRO,192411390
GODREJCP,1023304953
GODREJIND,336851055
GODREJPROP,301226497
GOKEX,73277628
GOKULAGRO,295086716
GOLDENTOBC,17608802
GOLDIAM,150557125
GOLDTECH,52261836
GOODLUCK,99715527
GOYALSALT,17900250
GPECO,11710800
GPIL,650597430
GPPL,483439910
GPTHEALTH,82054823
GPTINFRA,126364600
GRADIENTE,332400000
GRANULES,247796921
GRAPHISAD,18276500
GRAPHITE,195375594
GRASIM,678196497
GRAVITA,72832753
GRCL,5738000
GREAVESCOT,232951434
GREENCHEF,23271840
GREENLAM,255147702
GREENPLY,124902045
GREENPOWER,1173031669
GRETEX,15506060
GRINDWELL,110720000
GRINFRA,96760529
GRMOVER,207210000
GRPLTD,5333332
GRSE,114552000
GSLSU,42381818
GSMFOILS,13051259
GSPL,564211376
GSTL,15939349
GTPL,112463038
GUFICBIO,100282506
GUJALKALI,73436928
GUJENERGY,938230849
GUJTHEM,108965265
GULFOILLUB,49555526
GULFPETRO,50984383
GULPOLY,62183424
GVKPIL,1579210400
GVPIL,67227471
GVPTECH,164878778
GVT&D,256046535
HAL,668775000
HALEOSLABS,3023287
HAPPSTMNDS,150261936
HAPPYFORGE,94378734
HARDWYN,683795494
HARIOMPIPE,30967289
HARSHA,91044105
HATSUN,222748268
HAVISHA,153535800
HBLENGINE,277194946
HBSL,7137665
HCC,2619468062
HCG,149302203
HCL-INSYS,329209928
HCLTECH,2705766714
HDFCAMC,428810534
HDFCBANK,15411000562
HDFCLIFE,2171935147
HDIL,474003986
HEALTHX,31810500
HECPROJECT,10838160
HEG,192977530
HEIDELBERG,226613116
HEMIPROP,285000000
HERANBA,40013467
HERCULES,32000000
HERITGFOOD,92796000
HEROMOTOCO,200141207
HEXATRADEX,55244704
HEXT,609791999
HFCL,1530263663
HGINFRA,65171111
HGS,46520285
HIGREEN,24990000
HIKAL,123300750
HILINFRA,71720632
HILTON,51466551
HIMATSEIDE,125742289
HINDALCO,2219837078
HINDCOMPOS,14769000
HINDMOTORS,208659293
HINDOILEXP,132243289
HINDPETRO,2127822517
HINDUNILVR,2349591262
HINDWAREAP,83646357
HINDZINC,4225319000
HIRECT,34372239
HITECH,202710234
HITECHCORP,17175700
HITECHGEAR,18820044
HLEGLAS,69454739
HLVLTD,659259899
HMAAGRO,500769770
HMT,1204091640
HMVL,73514821
HNDFDS,121162702
HOACFOODS,3843210
HOMEFIRST,104559461
HONASA,326024216
HONAUT,8841523
HPAL,91874735
HPL,64300486
HRHNEXT,13204438
HSCL,504574175
HTMEDIA,231320042
HUBTOWN,142100657
HUDCO,2001900000
HUHTAMAKI,75521934
HYBRIDFIN,29436275
HYUNDAI,812541100
IBLFL,24730650
IBULLSLTD,2241202216
ICDSLTD,13026700
ICEMAKE,15779735
ICICIBANK,7173276961
ICICIGI,499598582
ICIL,198054340
ICRA,9625105
IDBI,10752402175
IDEA,108343035001
IDEAFORGE,49708506
IDFCFIRSTB,8621709523
IEX,889300290
IFBAGRO,9367111
IFBIND,40518796
IFCI,2694314331
IFGLEXPOR,72078624
IGCL,63223997
IGL,1400001600
IIFL,425289575
IIFLCAPS,315178863
IKIO,77280701
IKS,167757449
IL&FSENGG,131121078
IL&FSTRANS,328960027
IMAGICAA,565873947
IMFA,53954106
IMPEXFERRO,87931604
INCREDIBLE,46763750
INDBANK,44378200
INDGN,240807964
INDHOTEL,1446605715
INDIACEM,309896036
INDIAGLYCO,67026765
INDIAMART,601426988
INDIANB,1346963981
INDIANHUME,52681770
INDIFRA,7290000
INDIGO,386666597
INDIGOPNTS,47732637
INDLMETER,8636563
INDNIPPON,22621424
INDOBORAX,32090000
INDOCO,92173705
INDOSTAR,161655404
INDOTECH,10620000
INDOTHAI,128618190
INDOWIND,161002170
INDSWFTLAB,86961558
INDUSINDBK,779140552
INDUSTOWER,2637202542
INFINIUM,15583120
INFOLLION,9696972
INFY,4050299443
INM,13990800
INNOVACAP,57224929
INNOVANA,20660000
INNOVATIVE,629704
INNOVISION,23813294
INOXGREEN,401492045
INOXINDIA,90763500
INOXWIND,1728237822
INSECTICID,29097837
INSPIRE,13609299
INSPIRISYS,39616873
INTELLECT,139324312
INTENTECH,23356353
INTERARCH,16817032
IOB,19256589795
IOLCP,293527510
IPCALAB,253704218
IPL,115163508
IPSL,8606510
IRB,12078000000
IRCON,940515740
IRCTC,800000000
IREDA,2809231268
IRFC,13068506000
IRIS,20568247
IRMENERGY,41059677
ISGEC,73529510
ISHAN,216235290
ITALIANE,14777151
ITC,12529782031
ITCHOTELS,2083005769
ITDC,85769400
ITI,962851967
IVP,10326263
IXIGO,441044262
IZMO,14980321
J&KBANK,1101182463
JAGRAN,217654272
JAGSNPHARM,65929470
JAIBALAJI,912251430
JAICORPLTD,175504995
JAINAM,10561200
JAINREC,345085814
JAIPURKURT,17261606
JALAN,14537220
JAMNAAUTO,399846000
JASH,62905120
JAYBARMARU,108250000
JAYKAY,130287066
JAYNECOIND,970998244
JAYSREETEA,28877488
JBCHEPHARM,160558706
JBFIND,81871849
JBMA,236494264
JETAIRWAYS,113597383
JETFREIGHT,46403784
JFLLIFE,34566528
JGCHEM,39186063
JHS,87405767
JIKIND,72641000
JINDALPHOT,10258326
JINDALPOLY,43786413
JINDALSAW,637621094
JINDALSTEL,1017488097
JINDCOT,45003100
JINDRILL,28981104
JINDWORLD,1002602000
JISLDVREQS,19294304
JISLJALEQS,714215947
JITFINFRA,25703706
JIWANRAM,24748225
JKCEMENT,77268251
JKIL,75665506
JKIPL,38386000
JKLAKSHMI,124144426
JKPAPER,181318771
JKTYRE,288289511
JLHL,327830110
JMA,22841054
JMFINANCIL,956959936
JNKINDIA,55953915
JOCIL,8881150
JPINFRATEC,125000000
JPPOWER,6853458827
JSFB,105752539
JSL,823949824
JSLL,124300730
JSWCEMENT,1350345020
JSWDULUX,45540314
JSWENERGY,1832372944
JSWHL,11098438
JSWINFRA,2315161753
JSWSTEEL,2440978228
JTEKTINDIA,277396890
JTLIND,393081630
JUBLCPL,15152493
JUBLINGREA,157716549
JUBLPHARMA,158387168
JUNIPER,222502384
JUSTDIAL,85049032
JWL,427370389
JYOTHYLAB,367214511
JYOTICNC,227423096
JYOTISTRUC,1193659937
K2INFRA,12618394
KABRAEXTRU,34972836
KAJARIACER,157143050
KALPATARU,205922093
KALYANKJIL,1032750972
KAMATHOTEL,29480072
KAMDHENU,281883000
KANANIIND,197868000
KANORICHEM,43693333
KANPRPLA,24478958
KANSAINER,808778779
KARNIKA,61997500
KARURVYSYA,966667248
KAUSHALYA,346306
KAVDEFENCE,60124260
KAYA,15187609
KAYNES,67222491
KCEIL,10960000
KCP,128921160
KDDL,12299280
KDL,12024000
KEC,266200000
KECL,66414071
KEEPLEARN,155712083
KEI,95600595
KELLTONTEC,531404670
KERNEX,16803622
KESORAMIND,310663663
KFINTECH,172872079
KHADIM,18378382
KHAICHEM,96989200
KHAITANLTD,4750000
KHFM,21632640
KILITCH,34961564
KIMS,400138935
KIOCL,607751096
KIRIINDUS,65168000
KIRLOSBROS,79408926
KIRLOSENG,145519854
KIRLOSIND,10509580
KIRLPNU,129926380
KITEX,199500000
KLL,18530000
KMEW,24600000
KNRCON,281234600
KODYTECH,12747560
KOKUYOCMLN,100303806
KOLTEPATIL,88680094
KONSTELEC,15100000
KONTOR,7000000
KOPRAN,48285605
KORE,11130000
KOTAKBANK,9947656028
KOTYARK,113070276
KPEL,67798099
KPIGREEN,197671968
KPIL,170772546
KPITTECH,272227219
KPRMILL,341814000
KRBL,228889892
KREBSBIO,21560586
KRISHANA,309138000
KRISHCA,14190000
KRISHNADEF,14933388
KRN,65458486
KRSNAA,32438672
KRYSTAL,13971952
KSB,174039220
KSCL,51040869
KSERASERA,2135879936
KSHITIJPOL,89000476
KSK,423985984
KSL,43759380
KSOLVES,23720400
KTKBANK,378181562
KTL,17187000
LAKSHMIEFL,73630000
LALPATHLAB,166977774
LAMBODHARA,10377600
LANCORHOL,73550560
LANDMARK,41464910
LANDSMILL,1410695055
LASA,50101239
LATENTVIEW,206924980
LATTEYS,57495825
LAURUSLABS,540312218
LAXMIDENTL,55021509
LAXMIINDIA,52393078
LCCINFOTEC,126593350
LEEL,40332300
LEMERITE,125168000
LEMONTREE,791847623
LEXUS,20190724
LFIC,3000000
LGBBROSLTD,31892416
LGEINDIA,678772392
LGHL,50092560
LIBAS,26344580
LICHSGFIN,550063000
LICI,12649995402
LIKHITHA,39450000
LINC,59489164
LINCOLN,20029728
LINDEINDIA,85284223
LLOYDSENGG,1546533750
LLOYDSENT,1494202102
LLOYDSME,562589673
LMW,10683000
LODHA,998927026
LOKESHMACH,21796770
LORDSCHLO,28653861
LOTUSDEV,488723710
LOVABLE,14800000
LPDC,134143160
LRRPL,7341675
LT,1375866086
LTF,2506045818
LTFOODS,347252944
LTM,296461217
LTTS,106077543
LUMAXIND,9347732
LUMAXTECH,68157705
LUPIN,457265861
LUXIND,30071681
LXCHEM,277914693
LYKALABS,36152711
M&M,1200762264
M&MFIN,1389583700
MAANALU,59984864
MACPOWER,10004160
MADHAVBAUG,10513450
MADHUSUDAN,12900000
MAGNUM,68411317
MAGSON,7850000
MAHEPC,27950753
MAHESHWARI,29597200
MAHICKRA,8122160
MAHLIFE,213584349
MAHLOG,99222483
MAHSEAMLES,133999252
MAITHANALL,29111550
MAITREYA,6776000
MALLCOM,6240000
MAMATA,24607800
MANAKCOAT,106634050
MANAKSIA,65534050
MANALIPETC,171999229
MANAPPURAM,939336102
MANAV,13160000
MANBA,50239410
MANGALAM,15828248
MANGLMCEM,27497298
MANINDS,75009571
MANINFRA,403666505
MANKIND,412995978
MANOMAY,18048735
MANORG,8564440
MANPASAND,114462000
MANYAVAR,242977245
MAPMYINDIA,54761056
MARALOVER,41508000
MARATHON,67444551
MARC,17313383
MARCO,18699000
MARICO,1296176456
MARINE,132665250
MARKOLINES,22040920
MARKSANS,453163746
MARSHALL,23901217
MARSONS,172100000
MARUTI,314402574
MASON,17572500
MASTEK,31002407
MASTER,4000000
MATRIMONY,20673393
MAWANASUG,39116864
MAXESTATES,163513410
MAXHEALTH,973276486
MAXIND,56320678
MAXPOSURE,22740950
MAYURUNIQ,43452600
MAZDA,20025000
MAZDOCK,403380000
MBAPL,438134700
MBECL,33333334
MBEL,57160718
MBLINFRA,155879256
MCL,27142800
MCLEODRUSS,104455735
MCLOUD,589067120
MCON,7329090
MDL,17740140
MEDANTA,268718832
MEDIASSIST,74701842
MEDICAMEQ,13562815
MEDICO,82984000
MEDIORG,11700000
MEDPLUS,120087613
MEGAFLEX,12131025
MEGATHERM,18840729
MELSTAR,16925139
MENONBE,56040000
MEP,183446051
METROBRAND,272592741
METROPOLIS,207387568
MFSL,343298749
MGEL,329555600
MGL,98777778
MHHL,18235900
MHLXMIRU,10620275
MICEL,241011560
MICROPRO,14299400
MIDHANI,187340000
MIDWESTLTD,36160816
MINDACORP,235360911
MINDPOOL,4237500
MINDTECK,31954221
MIRZAINT,138201900
MITCON,13438501
MITTAL,443900775
MMFL,48281600
MMP,25402613
MMTC,1500000000
MODIRUBBER,25040532
MODIS,19591200
MODTHREAD,34775160
MOIL,203485211
MOL,254314211
MOLDTKPAC,33228914
MONARCH,79308338
MONEYBOXX,69809200
MONTECARLO,20732064
MOREPENLAB,547953699
MOS,249355860
MOSCHIP,194850546
MOTHERSON,10531231231
MOTILALOFS,602146704
MOTOGENFIN,38727190
MPHASIS,190817050
MPSLTD,16965932
MRF,4241143
MRPL,1752598777
MSPL,566796645
MSTCLTD,70400000
MTARTECH,30759591
MTEDUCARE,72228054
MTNL,630000000
MUFIN,198162188
MUKANDLTD,144495563
MUKKA,300000000
MUKTAARTS,22585200
MUNJALAU,100000000
MUTHOOTCAP,16447533
MUTHOOTFIN,401468476
MUTHOOTMF,167766677
MVKAGRO,15490000
MVL,601243008
MWL,297006740
NACLIND,234243330
NAGAFERT,598065003
NAHARINDUS,43205581
NAM-INDIA,639781566
NAMAN,10548000
NARMADA,75872798
NATCAPSUQ,10411154
NATCOPHARM,179109870
NATIONALUM,1836631787
NAUKRI,647737579
NAVA,283312597
NAVINFLUOR,51291959
NAVKARCORP,150519181
NAVNETEDUL,221213181
NAZARA,384696024
NBCC,2700000000
NBIFIN,2954850
NCC,627846588
NCLIND,45232790
NDGL,1000000
NDL,1441471680
NDLVENTURE,33671621
NDRAUTO,23785304
NDTV,112824717
NECCLTD,104500000
NECLIFE,194260970
NELCO,22818400
NEOGEN,27381674
NEPHROCARE,16486400
NEPHROPLUS,100559014
NESCO,70459960
NESTLEIND,1928314320
NETWEB,59445906
NETWORK18,1542000018
NEUEON,565445520
NEULANDLAB,12829889
NEWGEN,141351724
NEWJAISA,35305800
NEXTMEDIA,66892908
NFL,490578400
NGIL,17538052
NH,203099835
NHPC,10045034805
NIACL,1648000000
NIBE,15501773
NIITLTD,136842103
NIITMTS,137814443
NILAINFRA,393889200
NILASPACES,393889200
NILKAMAL,14922525
NIMBSPROJ,19318735
NINSYS,18576000
NIPPOBATRY,7500000
NIRAJ,59694340
NIRMAN,8009676
NITCO,240566105
NITINFIRE,292270016
NITINSPIN,56220000
NITIRAJ,10251000
NIVABUPA,1849233703
NLCINDIA,1386636609
NMDC,8791817550
NOCIL,167024930
NOIDATOLL,186195002
NORBTEAEXP,15544100
NORTHARC,161640009
NOVAAGRI,90019813
NPST,20863500
NRAIL,17019100
NRBBEARING,96922600
NRL,69068995
NTPC,9696666134
NTPCGREEN,8426329669
NUCLEUS,26325306
NURECA,9541920
NUVAMA,184218248
NUVOCO,357156153
NYKAA,2865089837
OBCL,21082790
OBEROIRLTY,363602237
ODIGMA,31258450
OFSS,87083127
OIL,1626607791
OLAELEC,4418680703
OLECTRA,82080737
OMAXE,182900540
OMFURN,11774400
OMINFRAL,96303809
OMNI,123666020
ONELIFECAP,37360000
ONEPOINT,262497155
ONGC,12580279206
ONMOBILE,106321351
ONWARDTEC,21933211
OPTIEMUS,90166450
ORBTEXP,25620330
ORCHPHARMA,50719105
ORIANA,20319150
ORICONENT,157047715
ORIENTBELL,14710476
ORIENTCEM,205459873
ORIENTCER,119639200
ORIENTELEC,213365899
ORIENTLTD,10000000
ORIENTPPR,212185502
ORIENTTECH,45805916
ORISSAMINE,6000000
OSIAHYPER,164573900
OSWALPUMPS,114004897
OWAIS,18182398
PACEDIGITK,215851327
PAGEIND,11153874
PAISALO,914149114
PAKKA,47668100
PANACEABIO,61250746
PANACHE,15228000
PAR,12304636
PARADEEP,1038520250
PARAGMILK,126508539
PARAGON,19566000
PARAS,80587330
PARIN,11118000
PARKHOTELS,213374246
PARSVNATH,435181170
PATANJALI,1087879698
PATELENG,955047697
PATELRMART,33400528
PATINTLOG,58785746
PATTECH,7757187
PAVNAIND,139530000
PAYTM,641133110
PCBL,393462604
PCJEWELLER,9741084855
PDMJEPAPER,94950000
PDSL,141237401
PENIND,134946231
PENINLAND,331728220
PENTAGON,7710000
PERFECT,11063778
PERSISTENT,156231044
PETRONET,1500000088
PFC,3300101760
PFIZER,45747732
PFOCUS,778773880
PFS,642283335
PGEL,286496708
PGHH,32460736
PGIL,46190542
PHANTOMFX,13579200
PHOENIXLTD,357663719
PICCADIL,98569416
PIGL,21168900
PIIND,151706138
PILITA,235000000
PINELABS,1153858090
PIONEEREMB,30815442
PIRAMALFIN,226004925
PITTIENG,36913588
PKTEA,3095879
PLATIND,54924873
PLAZACABLE,43752078
PNBHOUSING,260803913
PNC,14467000
PNCINFRA,256539165
PNGJL,135708333
POCL,76278198
PODDARMENT,10610000
POKARNA,31004000
POLICYBZR,462042002
POLYCAB,150635053
POLYMED,101361465
POLYPLEX,32588162
POLYSIL,11341090
PONNIERODE,8598418
POONAWALLA,875866912
POWERGRID,9300603819
POWERINDIA,44572363
POWERMECH,31616292
PPAP,14152987
PRAENG,69935791
PRAJIND,183813088
PRAKASH,179081839
PRAKASHSTL,175000390
PRAMARA,10971168
PRATHAM,17760000
PRAXIS,185812210
PRECAM,94985835
PRECOT,12000000
PRECWIRE,182807975
PREMEXPLN,53761195
PREMIER,30372570
PREMIERENE,451446522
PREMIERPOL,104742475
PRESSTONIC,9075082
PRESTIGE,430730232
PRINCEPIPE,110561079
PRITI,13353328
PRITIKA,26365030
PRITIKAUTO,166512667
PRIVISCL,39062706
PRIZOR,10691203
PRLIND,22862547
PROPEQUITY,10482104
PROSTARM,58874592
PROTEAN,40621194
PRSMJOHNSN,503356580
PRUDENT,41406680
PRUDMOULI,32252000
PSB,7095585220
PSPPROJECT,39641791
PTC,296008321
PTCIL,14992549
PTL,132377000
PUNJLLOYD,335596000
PURVA,237149686
PVP,260403681
PVRINOX,98199962
PVSL,71198198
PWL,2900900000
PYRAMID,36784800
QMSMEDI,18055298
QPOWER,77444100
QUADFUTURE,40000000
QUESS,149359849
QUESTLAB,16387200
QUICKHEAL,54258502
QUICKTOUCH,11815996
RACE,17257200
RACLGEAR,11788080
RADAAN,54161540
RADHIKAJWE,118000000
RADIANTCMS,106707906
RADICO,133982398
RADIOCITY,345685625
RADIOWALLA,7048236
RAILTEL,320938407
RAIN,336345679
RAJESHEXPO,295259959
RAJMET,276480000
RAJOOENG,178675293
RAJRATAN,50771000
RAJSREESUG,33135606
RALLIS,194468890
RAMANEWS,147522032
RAMAPHO,35386426
RAMASTEEL,1636040979
RAMCOCEM,236292380
RAMCOIND,86841560
RAMCOSYS,37596664
RAMKY,69197791
RAMRAT,93349072
RANEHOLDIN,14277809
RATEGAIN,118395381
RATNAMANI,70092000
RAYMOND,66551431
RBA,711718862
RBLBANK,1550939406
RBMINFRA,8441000
RBS,22861350
RCDL,35440071
RCF,551688100
RCOM,2744254050
REDINGTON,781774431
REFEX,137219448
REGENCERAM,26441586
RELAXO,248938586
RELCAPITAL,251108992
RELIGARE,344733742
RELTD,198549403
REMSONSIND,34878785
REMUS,11784000
RENUKA,2128489773
REPCOHOME,62561362
REPL,18122500
RESPONIND,266608544
RGL,107396471
RHFL,485058818
RHIM,206501426
RICOAUTO,135285000
RILINFRA,18605000
RISHABH,38692572
RITES,480603774
RKEC,23990600
RKFORGE,181808283
RMCL,13392185
RMDRIP,428228571
RML,27637137
RNAVAL,52682200
RNBDENIMS,269920320
ROCKINGDCE,6480872
ROHLTD,27425215
ROLEXRINGS,262333120
ROLLT,250130000
ROSSARI,55394116
ROSSELLIND,37696475
ROSSTECH,37696475
ROTO,188445660
ROUTE,63003082
ROXHITECH,22836350
RPGLIFE,16539015
RPPINFRA,49585918
RPPL,73344000
RPSGVENT,33086409
RPTECH,65899665
RSL,83567658
RSWM,47101684
RSYSTEMS,118495958
RTNINDIA,1380887604
RTNPOWER,5370105860
RUBICON,165092124
RUBYMILLS,33440000
RUCHIRA,29844985
RULKA,4258400
RUPA,79524560
RUSHIL,293416820
RUSTOMJEE,126247473
RVHL,61325746
RVNL,2085020100
S&SPOWER,12341550
SAAKSHI,17656000
SAATVIKGL,127105004
SABEVENTS,524186
SADBHAV,171570800
SADBHIN,352225216
SADHAV,14352618
SADHNANIQ,3032194385
SAFARI,48997306
SAGCEM,130707548
SAHAJSOLAR,21972020
SAHANA,10604525
SAIL,4130525289
SAILIFE,212313616
SAIPARENT,44179231
SAKAR,21949910
SAKHTISUG,118849036
SAKUMA,1567718640
SALASAR,1747950290
SALONA,5262400
SALSTEEL,144766700
SALZERELEC,17682737
SAMBHV,294671429
SAMHI,222359672
SAMMAANCAP,1145673631
SAMPANN,51110000
SANATHAN,84404059
SANDHAR,60190708
SANDUMA,486104814
SANGAMIND,49310016
SANGANI,13776990
SANGHIIND,258326000
SANGHVIMOV,86576000
SANGINITA,25901550
SANOFI,23030622
SANOFICONR,23030622
SANSERA,62403568
SANSTAR,200268407
SAPPHIRE,321382905
SARDAEN,352381270
SAREGAMA,191959490
SARLAPOLY,79503000
SARTELE,47107500
SARVESHWAR,1231626469
SASKEN,15191491
SATHAISPAT,50900000
SATIA,100000000
SATIN,109988019
SAURASHCEM,111287280
SBC,476190000
SBCL,57604200
SBFC,1107497215
SBGLP,173416440
SBILIFE,1003349572
SBIN,9230617586
SCHAEFFLER,156303670
SCHAND,35272192
SCHNEIDER,239104035
SCI,465799010
SCILAL,465799010
SCPL,10500000
SDBL,207901312
SEAMECLTD,25425000
SECMARK,10447000
SECURCRED,41062760
SECURKLOUD,33410605
SEJALLTD,11400000
SEL,2318750
SEMAC,3117308
SENCO,163900959
SEPC,1895410970
SERVICE,11498500
SERVOTECH,225845000
SESHAPAPER,63068140
SETCO,133767275
SETL,201931412
SEYAIND,26570540
SFL,109203314
SGIL,15535000
SHAH,992374228
SHAILY,45995248
SHAKTIPUMP,123397965
SHALBY,107519005
SHANTI,11106000
SHANTIGEAR,76715853
SHARDAMOTR,57407736
SHAREINDIA,218825530
SHARONBIO,5755620
SHEKHAWATI,34470000
SHEMAROO,28730299
SHERA,22788347
SHIGAN,20327400
SHILPAMED,195581816
SHIRPUR-G,29137200
SHIVALIK,15750365
SHIVAMAUTO,131495219
SHIVAMILLS,8641808
SHIVATEX,12962713
SHK,138420801
SHOPERSTOP,110205662
SHRADHA,58635418
SHREDIGCEM,147914278
SHREECEM,36080748
SHREEJISPG,162918254
SHREEKARNI,7072000
SHREERAMA,133468005
SHRIPISTON,46386272
SHRIRAMFIN,2352983543
SHRIRAMPPS,170654392
SHYAMCENT,212172990
SHYAMMETL,278326554
SICALLOG,79784870
SIEMENS,356120505
SIGACHI,382117010
SIGIND,29437000
SIGMAADV,176239705
SIGNATURE,140686026
SIGNORIA,4758000
SIGNPOST,53450000
SIKKO,436800000
SILGO,26166745
SILVERTUC,126810000
SIMBHALS,41279020
SIMPLEXINF,79095346
SINTERCOM,27527822
SIRCA,56792800
SIS,141026022
SITINET,872053848
SJLOGISTIC,15243130
SJS,32026654
SJVN,3929795175
SKFINDIA,49437963
SKFINDUS,49437963
SKIL,216571232
SKIPPER,112904035
SKP,16600000
SKYGOLD,154873884
SLONE,5269013
SMARTLINK,9975000
SMARTWORKS,114381076
SMLMAH,14471646
SMLT,13689750
SMVD,10030105
SOBHA,106932977
SOFTTECH,13842138
SOLARINDS,90490055
SOLARWORLD,86672654
SOLEX,10802489
SOMANYCERA,41012806
SOMATEX,33033000
SOMICONVEY,11779656
SONACOMS,623890650
SONATSOFTW,276794469
SONISOYA,5154960
SONUINFRA,10349000
SOTAC,11050000
SOTL,68560415
SOUTHWEST,32651422
SPAL,25138883
SPARC,324521588
SPCENET,567736000
SPCL,24115754
SPECIALITY,48235657
SPECTRUM,15713840
SPECTSTM,23093096
SPENCERS,90132009
SPIC,203640336
SPLIL,29000004
SPLPETRO,188041342
SPMLINFRA,84149923
SPORTKING,127072000
SPTL,636150976
SRF,296406025
SRIVASAVI,14174166
SRM,22944200
SRPL,257040000
SRSLTD,278582016
SSFL,8570400
SSINFRA,14170400
SSWL,157265105
STALLION,116085737
STANLEY,57125663
STAR,92172714
STARCEMENT,404180417
STARHEALTH,588403502
STARPAPER,15608350
STARTECK,9910330
STEELCAS,101200000
STEELXIND,1275518412
STERTOOLS,36344426
STLNETWORK,488108515
STLTECH,513911242
STOVEKRAFT,33107321
STYL,161805826
STYLAMIND,16948060
STYLEBAAZA,76117353
STYRENIX,17585625
SUBEXLTD,554855308
SUBROS,65235750
SUDARCOLOR,23081798
SUDARSCHEM,79607576
SUDEEPPHRM,112948625
SULA,84447229
SUMEETINDS,694749487
SUMICHEM,499145736
SUMIT,45268753
SUMMITSEC,10901781
SUNCLAY,22046162
SUNDARAM,473877773
SUNDRMBRAK,3934575
SUNDRMFAST,210128370
SUNDROP,37696853
SUNFLAG,180219448
SUNPHARMA,2399334970
SUNTECK,146842025
SUPERSPIN,55000000
SUPRAJIT,137179346
SUPREME,38646853
SUPREMEENG,249950000
SUPREMEIND,127026870
SUPREMEINF,97502760
SUPREMEPWR,24991135
SUPRIYA,80482800
SURAJEST,47773388
SURANASOL,49206600
SURANAT&P,135759963
SURYAROSNI,217635896
SURYODAY,106296649
SUULD,61135310
SUVEN,282562686
SUVIDHAA,209806690
SUYOG,11717120
SUZLON,13745636636
SWANCORP,313456886
SWANDEF,52682150
SWARAJ,26418260
SWARAJENG,12149865
SWELECTES,15158760
SWIGGY,2620001701
SWSOLAR,233541391
SYMPHONY,68671400
SYNGENE,402503158
SYNOPTICS,8480000
SYRMA,192624977
SYSTANGO,14668800
TAC,20959200
TAJGVK,62701495
TALBROAUTO,61728150
TANLA,132050724
TAPIFRUIT,4273000
TARACHAND,78824900
TARAPUR,19500011
TARIL,300165834
TARMAT,25064255
TARSONS,53206281
TASTYBITE,2566000
TATACAP,4216692745
TATACOMM,285085643
TATACONSUM,989690012
TATAELXSI,62299561
TATAPOWER,3195339547
TATASTEEL,12474316070
TATATECH,406051830
TATVA,23392055
TBI,18158405
TBZ,66730620
TCI,76831142
TCL,24341437
TCPLPACK,9080905
TDPOWERSYS,312456860
TEAMGTY,8993149
TEAMLEASE,15281400
TECHIN,14326000
TECHLABS,17281064
TECHM,885898127
TECHNOE,116299574
TECILCHEM,18963770
TEGA,75127698
TEJASNET,177707093
TEMBO,154671460
TERASOFT,12511875
TEXINFRA,127426590
TEXMOPIPES,29195000
TEXRAIL,406864572
TFL,55116194
TGL,11999600
THEINVEST,52242217
THEJO,10847454
THELEELA,333957878
THEMISMED,92100120
THERMAX,112648671
THOMASCOOK,470380562
THYROCARE,159161691
TI,247170825
TICL,155000000
TIGERLOGS,105725000
TIIL,22672798
TIINDIA,193572320
TIJARIA,28626579
TIL,70352056
TIMESCAN,6988000
TIMETECHNO,493635379
TIMKEN,75218734
TINNARUBR,18015757
TIRUMALCHM,120552774
TIRUPATIFL,118280000
TITAGARH,134673768
TITAN,887312335
TMB,158351454
TMCV,3682700304
TMPV,3682891544
TNPETRO,89971474
TNPL,69210600
TOLINS,39508831
TORNTPHARM,380367856
TORNTPOWER,503903543
TOTAL,16126973
TOUCHWOOD,11081245
TPHQ,1096219600
TPLPLASTEH,78003000
TRACXN,106925031
TRANSRAILL,134256025
TRANSTEEL,21706010
TRANSWIND,7549000
TRANSWORLD,21957533
TRAVELFOOD,131679484
TREEHOUSE,42310724
TREJHARA,24116754
TREL,245695524
TRENT,533232301
TRF,11004412
TRIDENT,5095584070
TRIDHYA,23288000
TRIGYN,30785736
TRITURBINE,317898459
TRIVENI,220363016
TRU,118861871
TRUALT,85752591
TRUST,23825200
TTKPRESTIG,136966384
TTL,258310944
TTML,1954927727
TUNWAL,55301080
TVSELECT,18650318
TVSHLTD,20232104
TVSSCS,441180027
TVSSRICHAK,7657050
TVTODAY,59668615
TVVISION,38744500
UBL,264405149
UCAL,22113625
UCL,11236700
UCOBANK,12539558979
UDS,66953241
UEL,133397814
UFBL,39117661
UFO,38824757
UGARSUGAR,112500000
UGROCAP,152815503
UJJIVANSFB,1948540569
ULTRACEMCO,294169635
UMA,20274286
UMIYA-MRO,18684602
UNICHEMLAB,70405750
UNIDT,20303126
UNIECOM,112379173
UNIHEALTH,15699952
UNIINFO,10693120
UNIMECH,50901997
UNIONBANK,7633605607
UNIPARTS,45105313
UNITDSPR,710055403
UNIVASTU,35986770
UNIVCABLES,34695381
UNIVPHOTO,10946604
UNOMINDA,577467206
UPL,844169318
URAVIDEF,11400000
URBAN,8660000
URJA,525453377
USHAMART,304400280
USK,55357142
UTIAMC,128539028
UTKARSHBNK,1779523684
UTTAMSUGAR,38138120
UWCSL,5203571
UYFINCORP,190238329
V2RETAIL,364637550
VADILALIND,7187830
VAIBHAVGBL,167285085
VAISHALI,130462130
VAKRANGEE,1083191807
VALECHAENG,22530000
VALIANTORG,28034610
VARDMNPOLY,483019004
VARROC,152786400
VASA,5992550
VASCONEQ,231697111
VASWANI,32946153
VBL,3382464894
VCL,183752220
VEDL,3904801732
VEEDOL,16994860
VENKEYS,14087336
VENTIVE,233541608
VENUSPIPES,20716110
VENUSREM,13366988
VERANDA,96350847
VERTOZ,85230000
VGL,51528678
VGUARD,436891055
VHL,3191536
VHLTD,71662928
VIDEOIND,334459008
VIJIFIN,221000000
VIKASECO,1768706024
VIKASLIFE,1857668560
VIKRAMSOLR,362354381
VIKRAN,257911026
VILINBIO,15250000
VIMTALABS,44686904
VINATIORGA,103665632
VINDHYATEL,11850863
VINSYS,14677927
VINYAS,12584726
VIPCLOTHNG,90129519
VIPIND,142053696
VIPULLTD,140959480
VIRINCHI,112707372
VISACHROME,145789500
VISAKAIND,86404760
VISHNU,67315284
VISHNUINFR,24609671
VISHWARAJ,217827700
VISHWAS,10000000
VISUINTL,38330000
VITAL,23951100
VIVIANA,10042400
VIYASH,439907588
VLEGOV,108451329
VMARCIND,146524176
VMART,79575390
VMSTMT,49631210
VOLTAMP,10117120
VOLTAS,330884740
VPRPL,124644000
VR,8880000
VRAJ,32982619
VRLLOG,174936990
VSCL,12782750
VSSL,96685678
VSTL,18962443
VSTTILLERS,8652754
VTL,289475800
WAAREEENER,287651335
WAAREEINDO,41603691
WAAREERTL,104379217
WABAG,62478164
WAKEFIT,331331698
WALCHANNAG,67904532
WANBURY,34966928
WCIL,101955213
WEALTH,10655000
WEBELSOLAR,434163470
WEL,134008000
WELCORP,263703928
WELENT,135613810
WELSPUNLIV,948060014
WENDT,2000000
WEWIN,10161000
WEWORK,138590252
WHEELS,24433012
WILLAMAGOR,10956360
WINDMACHIN,103459417
WINNY,2170000
WINSOL,11535200
WINSOME,212122
WIPRO,9892631919
WOCKPHARMA,162492169
WOMANCART,6307200
WONDERLA,63422766
WORTHPERI,15751000
WSI,75895318
WSTCSTPAPR,66048908
WTICAB,23811837
XPROINDIA,23470391
XTGLOBAL,134123705
YASHO,12052195
YASHOPTICS,24765600
YATHARTH,96354357
YATRA,156916193
YESBANK,31388295749
YUDIZ,10319375
YUKEN,13584000
ZAGGLE,134458445
ZEAL,13309750
ZEEL,960519420
ZEELEARN,327731291
ZEEMEDIA,655428680
ZENITHDRUG,17148800
ZENITHSTL,142280448
ZENSARTECH,226799456
ZENTEC,89942136
ZFCVINDIA,113805504
ZICOM,41224100
ZOTA,30332655
ZTECH,14330248
ZUARI,42058006
ZUARIIND,29781184
ZYDUSLIFE,997503832
ZYDUSWELL,318160720
