,CLOSE_PRICE
20MICRONS,252.7
21STCENMGM,116.73
360ONE,1036.45
3IINFOLTD,27.83
3MINDIA,35463.55
3PLAND,42.27
5PAISA,504.05
63MOONS,589.7
A2ZINFRA,17.89
AAATECH,121.56
AADHARHFC,449.65
AAKASH,11.8
AAREYDRUGS,62.78
AARON,273.15
AARTECH,60.88
AARTIDRUGS,487.3
AARTIIND,510.8
AARTIPHARM,660.7
AARTISURF,734.25
AARVEEDEN,56.2
AARVI,148.15
AAVAS,1679.3
ABAN,64.37
ABB,7132.85
ABBOTINDIA,29329.2
ABCAPITAL,201.99
ABDL,331.3
ABFRL,302.3
ABGSEC,103.39
ABMINTLLTD,85.8
ABREL,2773.95
ABSLAMC,822.6
ABSLBANETF,52.86
ABSLLIQUID,999.99
ABSLNN50ET,72.38
ABSLPSE,10.21
ACC,2319.4
ACCELYA,1623.2
ACCURACY,10.06
ACE,1303.35
ACEINTEG,32.96
ACI,684.0
ACL,87.33
ACLGATI,98.85
ADANIENSOL,1015.0
ADANIENT,2915.55
ADANIGREEN,1644.25
ADANIPORTS,1329.35
ADANIPOWER,603.45
ADFFOODS,302.65
ADL,96.09
ADORWELD,1315.45
ADROITINFO,20.45
ADSL,271.95
ADVANIHOTR,69.47
ADVENZYMES,493.2
AEGISLOG,801.9
AEROFLEX,191.56
AETHER,851.75
AFCONS,493.7
AFFLE,1562.85
AFFORDABLE,705.55
AFIL,97.46
AGARIND,1082.1
AGI,921.9
AGIIL,1338.7
AGRITECH,198.62
AGROPHOS,43.31
AGSTRA,93.39
AHL,403.95
AHLADA,99.29
AHLEAST,169.99
AHLUCONT,1064.0
AIAENG,3759.3
AIIL,1676.25
AIRAN,35.16
AIROLAM,116.63
AJANTPHARM,3111.7
AJMERA,963.35
AJOONI,7.85
AKASH,35.21
AKG,19.07
AKI,19.06
AKSHAR,0.83
AKSHARCHEM,318.2
AKSHOPTFBR,10.28
AKUMS,832.7
AKZOINDIA,4258.7
ALANKIT,22.2
ALBERTDAVD,1369.7
ALEMBICLTD,134.19
ALICON,1296.3
ALKALI,116.0
ALKEM,5670.35
ALKYLAMINE,2129.0
ALLCARGO,55.97
ALLDIGI,1010.35
ALMONDZ,30.18
ALOKINDS,22.35
ALPA,111.64
ALPHA,53.56
ALPHAETF,26.19
ALPHAGEO,406.35
ALPL30IETF,29.19
ALPSINDUS,4.22
AMBER,6063.1
AMBICAAGAR,28.57
AMBIKCO,1605.25
AMBUJACEM,572.0
AMDIND,64.59
AMIORG,2041.15
AMJLAND,50.86
AMNPLST,287.15
AMRUTANJAN,743.65
ANANDRATHI,4044.95
ANANTRAJ,749.5
ANDHRAPAP,99.65
ANDHRSUGAR,105.02
ANGELONE,2915.95
ANIKINDS,100.0
ANKITMETAL,3.75
ANMOL,31.52
ANSALAPI,11.01
ANTGRAPHIC,1.77
ANUP,3273.35
ANURAS,733.5
APARINDS,9438.7
APCL,168.43
APCOTEXIND,389.8
APEX,260.85
APLAPOLLO,1516.5
APLLTD,1127.25
APOLLO,99.84
APOLLOHOSP,6966.3
APOLLOPIPE,522.25
APOLLOTYRE,482.45
APOLSINHOT,1828.35
APTECHT,175.6
APTUS,344.15
ARCHIDPLY,120.46
ARCHIES,26.72
ARE&M,1319.55
ARENTERP,45.26
ARIES,262.6
ARIHANTCAP,112.49
ARIHANTSUP,342.2
ARKADE,142.74
ARMANFIN,1455.0
AROGRANITE,52.42
ARROWGREEN,897.45
ARSHIYA,3.48
ARSSINFRA,17.77
ARTEMISMED,274.65
ARTNIRMAN,56.01
ARVEE,174.16
ARVIND,368.35
ARVINDFASN,567.7
ARVSMART,932.75
ASAHIINDIA,708.85
ASAHISONG,445.3
ASAL,686.55
ASALCBR,931.4
ASHAPURMIN,254.26
ASHIANA,310.3
ASHIMASYN,31.61
ASHOKA,240.62
ASHOKAMET,26.7
ASHOKLEY,211.84
ASIANENE,354.55
ASIANHOTNR,192.54
ASIANPAINT,2887.3
ASIANTILES,68.92
ASKAUTOLTD,448.7
ASMS,20.63
ASPINWALL,275.65
ASTEC,1076.6
ASTERDM,439.25
ASTRAL,1769.75
ASTRAMICRO,774.0
ASTRAZEN,7490.6
ASTRON,22.28
ATALREAL,12.24
ATAM,128.15
ATFL,960.65
ATGL,722.05
ATL,41.32
ATLANTAA,56.16
ATUL,7859.65
ATULAUTO,603.75
AUBANK,613.8
AURIONPRO,1696.65
AUROPHARMA,1396.95
AURUM,226.91
AUSOMENT,113.12
AUTOAXLES,1792.35
AUTOBEES,243.65
AUTOIETF,24.37
AUTOIND,115.54
AVADHSUGAR,627.0
AVALON,590.7
AVANTEL,170.91
AVANTIFEED,580.8
AVG,474.8
AVONMORE,15.4
AVROIND,150.78
AVTNPL,82.31
AWFIS,728.8
AWHCL,833.55
AWL,342.35
AXISBANK,1171.7
AXISBNKETF,531.75
AXISBPSETF,12.1
AXISCADES,509.25
AXISCETF,116.72
AXISGOLD,66.24
AXISHCETF,145.64
AXISILVER,94.97
AXISNIFTY,262.52
AXISTECETF,431.12
AXITA,14.04
AXSENSEX,80.92
AYMSYNTEX,256.64
AZAD,1636.7
BAFNAPH,79.05
BAGFILMS,10.76
BAIDFIN,14.56
BAJAJ-AUTO,9874.85
BAJAJCON,224.5
BAJAJELEC,875.05
BAJAJFINSV,1735.65
BAJAJHCARE,372.5
BAJAJHFL,135.13
BAJAJHIND,33.93
BAJAJHLDNG,10600.35
BAJEL,254.55
BAJFINANCE,6930.35
BALAJEE,72.33
BALAJITELE,61.69
BALAMINES,2110.75
BALAXI,89.97
BALKRISHNA,24.78
BALKRISIND,2792.7
BALMLAWRIE,234.87
BALPHARMA,123.23
BALRAMCHIN,610.35
BALUFORGE,730.15
BANARBEADS,129.4
BANARISUG,3505.1
BANCOINDIA,734.9
BANDHANBNK,181.27
BANG,53.42
BANKA,129.95
BANKBARODA,257.9
BANKBEES,534.9
BANKBETF,52.46
BANKETF,525.97
BANKETFADD,53.01
BANKIETF,52.96
BANKINDIA,110.37
BANKNIFTY1,535.37
BANKPSU,68.8
BANSALWIRE,408.1
BANSWRAS,140.76
BARBEQUE,564.6
BASF,8337.75
BASML,58.91
BATAINDIA,1356.1
BAYERCROP,6764.55
BBETF0432,1202.04
BBL,4621.2
BBNPNBETF,52.06
BBNPPGOLD,77.2
BBOX,523.55
BBTC,2710.05
BBTCL,215.42
BCLIND,56.49
BCONCEPTS,523.55
BDL,1032.25
BEARDSELL,44.01
BECTORFOOD,1803.75
BEDMUTHA,218.9
BEL,286.35
BEML,4050.0
BEPL,132.8
BERGEPAINT,513.4
BESTAGRO,569.5
BFINVEST,667.0
BFSI,24.68
BFUTILITIE,888.05
BGRENERGY,42.51
BHAGCHEM,345.65
BHAGERIA,204.49
BHAGYANGR,105.49
BHANDARI,6.75
BHARATFORG,1460.8
BHARATGEAR,101.28
BHARATRAS,11503.4
BHARATWIRE,228.7
BHARTIARTL,1578.4
BHARTIHEXA,1415.5
BHEL,235.25
BIGBLOC,127.0
BIKAJI,880.6
BIL,735.0
BINANIIND,16.45
BIOCON,315.7
BIOFILCHEM,66.77
BIRLACABLE,223.68
BIRLACORPN,1171.7
BIRLAMONEY,157.45
BLAL,240.03
BLBLIMITED,20.64
BLISSGVS,123.49
BLKASHYAP,81.55
BLS,413.05
BLSE,213.25
BLUECHIP,8.9
BLUEDART,7898.75
BLUEJET,503.55
BLUESTARCO,1857.0
BODALCHEM,76.65
BOMDYEING,231.35
BOROLTD,491.35
BORORENEW,440.5
BOROSCI,191.38
BOSCHLTD,35612.55
BPCL,307.95
BPL,111.09
BRIGADE,1218.55
BRITANNIA,5605.1
BRNL,46.07
BROOKS,149.26
BSE,4602.95
BSE500IETF,38.05
BSHSL,161.73
BSL,252.73
BSLGOLDETF,69.87
BSLNIFTY,27.78
BSLSENETFG,78.56
BSOFT,557.45
BTML,11.88
BURNPUR,6.89
BUTTERFLY,838.85
BVCL,54.76
BYKE,77.67
CALSOFT,18.57
CAMLINFINE,110.93
CAMPUS,290.35
CAMS,4564.6
CANBK,103.67
CANFINHOME,865.8
CANTABIL,227.52
CAPACITE,365.45
CAPITALSFB,296.25
CAPLIPOINT,2021.7
CAPTRUST,115.01
CARBORUNIV,1396.1
CAREERP,506.0
CARERATING,1506.35
CARTRADE,1124.5
CARYSIL,820.85
CASTROLIND,206.53
CCCL,17.47
CCHHL,23.01
CCL,669.5
CDSL,1541.55
CEATLTD,2737.2
CEIGALL,344.8
CELEBRITY,14.69
CELLO,821.5
CENTENKA,604.0
CENTEXT,23.48
CENTRALBK,57.2
CENTRUM,32.83
CENTUM,1784.55
CENTURYPLY,845.85
CERA,7129.5
CEREBRAINT,10.55
CESC,182.23
CGCL,210.74
CGPOWER,704.85
CHALET,861.65
CHAMBLFERT,484.1
CHEMBOND,574.25
CHEMCON,247.7
CHEMFAB,1014.45
CHEMPLASTS,484.7
CHENNPETRO,632.4
CHEVIOT,1297.6
CHOICEIN,527.3
CHOLAFIN,1283.0
CHOLAHLDNG,1755.75
CIEINDIA,490.7
CIGNITITEC,1407.05
CINELINE,104.87
CINEVISTA,18.5
CIPLA,1601.2
CLEAN,1508.75
CLEDUCATE,111.27
CLSEL,355.65
CMSINFO,519.75
COALINDIA,434.9
COASTCORP,241.58
COCHINSHIP,1496.35
COFORGE,7546.5
COLPAL,2981.65
COMMOIETF,89.56
COMPUSOFT,28.97
COMSYN,66.94
CONCOR,836.85
CONCORDBIO,1810.85
CONFIPET,77.15
CONS,117.18
CONSOFINVT,207.0
CONSUMBEES,126.3
CONSUMIETF,117.35
CONTROLPR,708.0
CORALFINAC,53.35
CORDSCABLE,218.76
COROMANDEL,1669.15
COSMOFIRST,759.6
COUNCODOS,6.92
CPSEETF,92.03
CRAFTSMAN,5005.8
CREATIVE,906.1
CREATIVEYE,8.46
CREDITACC,926.9
CREST,503.75
CRISIL,5343.1
CROMPTON,385.5
CROWN,272.34
CSBBANK,310.0
CSLFINANCE,341.65
CTE,96.81
CUB,178.92
CUBEXTUB,109.39
CUMMINSIND,3484.45
CUPID,86.39
CYBERMEDIA,27.22
CYBERTECH,218.47
CYIENT,1872.05
CYIENTDLM,633.05
DABUR,534.85
DALBHARAT,1793.6
DALMIASUG,464.1
DAMODARIND,43.6
DANGEE,7.38
DATAMATICS,577.3
DATAPATTNS,2359.7
DAVANGERE,6.55
DBCORP,327.7
DBEIL,154.32
DBL,491.45
DBOL,133.0
DBREALTY,163.74
DBSTOCKBRO,46.64
DCAL,187.95
DCBBANK,120.76
DCI,373.95
DCM,92.0
DCMFINSERV,7.41
DCMNVL,201.74
DCMSHRIRAM,1050.0
DCMSRIND,184.9
DCW,105.11
DCXINDIA,335.35
DECCANCE,581.25
DEEDEV,267.6
DEEPAKFERT,1321.45
DEEPAKNTR,2695.1
DEEPINDS,488.7
DELHIVERY,353.9
DELPHIFX,282.0
DELTACORP,117.51
DELTAMAGNT,90.3
DEN,48.32
DENORA,1292.0
DEVIT,152.85
DEVYANI,172.1
DGCONTENT,42.92
DHAMPURSUG,195.78
DHANBANK,34.43
DHANI,60.26
DHANUKA,1565.15
DHARMAJ,326.25
DHRUV,120.9
DHUNINV,2221.55
DIACABS,1605.4
DIAMINESQ,522.45
DIAMONDYD,1087.05
DICIND,747.0
DIFFNKG,332.8
DIGIDRIVE,43.17
DIGISPICE,31.52
DIGJAMLMTD,85.62
DIL,6.08
DISHTV,12.68
DIVGIITTS,655.35
DIVISLAB,5811.25
DIVOPPBEES,82.61
DIXON,14402.65
DJML,120.55
DLF,799.05
DLINKINDIA,566.0
DMART,3926.55
DMCC,288.95
DNAMEDIA,5.11
DODLA,1171.5
DOLATALGO,139.48
DOLLAR,516.3
DOLPHIN,615.1
DOMS,2783.0
DONEAR,113.05
DPABHUSHAN,1734.4
DPSCLTD,18.12
DPWIRES,413.65
DRCSYSTEMS,25.44
DREAMFOLKS,454.15
DREDGECORP,1042.6
DRREDDY,1272.2
DSSL,1298.2
DTIL,277.3
DUCON,8.77
DVL,441.2
DWARKESH,64.28
DYCL,816.5
DYNAMATECH,7524.25
DYNPRO,433.55
E2E,4977.5
EASEMYTRIP,32.54
EBANKNIFTY,52.06
EBBETF0425,1250.25
EBBETF0430,1425.79
EBBETF0431,1277.57
EBBETF0433,1167.69
ECLERX,3039.9
ECOSMOBLTY,393.4
EDELWEISS,109.15
EGOLD,80.0
EICHERMOT,4899.8
EIDPARRY,810.85
EIFFL,216.43
EIHAHOTELS,385.55
EIHOTEL,355.6
EIMCOELECO,2590.3
EKC,183.97
ELDEHSG,822.5
ELECON,579.9
ELECTCAST,164.3
ELECTHERM,947.05
ELGIEQUIP,648.25
ELGIRUBCO,123.1
ELIN,221.23
EMAMILTD,694.8
EMAMIPAP,107.6
EMAMIREAL,101.06
EMBDL,108.73
EMCURE,1442.0
EMIL,199.78
EMKAY,289.85
EMMBI,142.22
EMSLIMITED,799.35
EMUDHRA,909.3
ENDURANCE,2394.2
ENERGYDEV,24.6
ENGINERSIN,191.89
ENIL,193.19
ENTERO,1381.9
EPACK,472.3
EPIGRAL,2141.5
EPL,261.95
EQUAL50ADD,315.76
EQUIPPP,23.01
EQUITASBNK,69.23
ERIS,1311.55
EROSMEDIA,17.35
ESABINDIA,6271.25
ESAFSFB,44.54
ESCORTS,3706.05
ESG,40.77
ESILVER,95.99
ESSARSHPNG,37.82
ESSENTIA,3.53
ESTER,146.05
ETHOSLTD,2850.1
EUREKAFORB,553.5
EVEREADY,395.85
EVERESTIND,1142.85
EVINDIA,31.35
EXCEL,0.98
EXCELINDUS,1615.95
EXICOM,343.8
EXIDEIND,443.55
EXPLEOSOL,1220.3
EXXARO,90.99
FACT,854.65
FAIRCHEMOR,1001.85
FAZE3Q,401.0
FCL,368.05
FCSSOFT,3.39
FDC,541.05
FEDERALBNK,204.27
FEDFINA,103.49
FEL,0.73
FELDVR,5.21
FIBERWEB,46.73
FIEMIND,1600.25
FILATEX,60.17
FILATFASH,0.92
FINCABLES,1207.05
FINEORG,4976.05
FINIETF,26.42
FINOPB,378.6
FINPIPE,304.0
FIRSTCRY,616.9
FIVESTAR,673.2
FLAIR,281.85
FLEXITUFF,63.03
FLFL,2.31
FLUOROCHEM,4260.3
FMCGIETF,61.41
FMGOETZE,398.1
FMNL,14.81
FOCUS,138.22
FOODSIN,128.74
FORCEMOT,7390.55
FORTIS,614.05
FOSECOIND,4532.55
FSC,2.36
FSL,369.8
FUSION,217.94
GABRIEL,459.45
GAEL,130.6
GAIL,196.41
GALAPREC,1083.0
GALAXYSURF,3009.85
GALLANTT,321.5
GANDHAR,218.21
GANDHITUBE,796.5
GANECOS,2162.3
GANESHBE,141.78
GANESHHOUC,1154.2
GANGAFORGE,7.1
GANGESSECU,190.59
GARFIBRES,4014.25
GARUDA,86.09
GATECH,0.82
GATECHDVR,1.05
GATEWAY,86.78
GAYAHWS,1.36
GEECEE,403.4
GEEKAYWIRE,95.67
GENCON,41.43
GENESYS,798.35
GENSOL,838.55
GENUSPAPER,22.36
GENUSPOWER,407.35
GEOJITFSL,127.1
GEPIL,395.35
GESHIP,1293.7
GFLLIMITED,90.46
GHCL,596.3
GHCLTEXTIL,101.11
GICHSGFIN,217.2
GICRE,370.9
GILLANDERS,97.45
GILLETTE,10466.7
GILT5YBEES,58.17
GINNIFILA,30.19
GIPCL,210.05
GKWLIMITED,3497.35
GLAND,1832.85
GLAXO,2594.35
GLENMARK,1725.15
GLFL,7.35
GLOBAL,180.48
GLOBALE,34.0
GLOBALVECT,303.3
GLOBE,5.05
GLOBUSSPR,1057.6
GLOSTERLTD,716.55
GLS,1061.95
GMBREW,817.45
GMDCLTD,363.85
GMMPFAUDLR,1385.55
GMRINFRA,78.46
GMRP&UI,116.62
GNA,410.15
GNFC,614.05
GOACARBON,705.85
GOCLCORP,408.95
GOCOLORS,1162.6
GODAVARIB,348.1
GODFRYPHLP,6843.85
GODHA,0.9
GODIGIT,338.05
GODREJAGRO,725.45
GODREJCP,1266.25
GODREJIND,1015.1
GODREJPROP,2833.25
GOENKA,0.97
GOKEX,869.2
GOKUL,59.61
GOKULAGRO,278.55
GOLD1,66.47
GOLDBEES,65.94
GOLDCASE,12.52
GOLDENTOBC,39.99
GOLDETF,77.49
GOLDETFADD,77.33
GOLDIAM,352.95
GOLDIETF,68.13
GOLDSHARE,66.6
GOLDTECH,82.36
GOODLUCK,948.2
GOPAL,504.95
GOYALALUM,10.06
GPIL,197.65
GPPL,193.02
GPTHEALTH,172.55
GPTINFRA,137.34
GRANULES,550.4
GRAPHITE,521.5
GRASIM,2650.95
GRAVITA,2125.2
GREAVESCOT,187.67
GREENLAM,567.3
GREENPANEL,372.4
GREENPLY,361.35
GREENPOWER,18.98
GRINDWELL,2173.65
GRINFRA,1578.35
GRMOVER,215.02
GROBTEA,1085.85
GROWWDEFNC,63.19
GROWWEV,31.35
GROWWGOLD,78.3
GROWWLIQID,100.79
GRPLTD,3416.7
GRSE,1548.65
GRWRHITECH,4115.45
GSEC10IETF,241.06
GSEC10YEAR,27.1
GSFC,202.96
GSLSU,192.4
GSPL,383.8
GSS,69.41
GTECJAINX,42.75
GTL,13.22
GTLINFRA,2.2
GTPL,148.89
GUFICBIO,467.75
GUJALKALI,848.15
GUJAPOLLO,320.55
GUJGASLTD,512.55
GUJRAFFIA,45.45
GULFOILLUB,1193.5
GULFPETRO,69.75
GULPOLY,204.27
GVKPIL,5.33
GVPTECH,12.35
GVT&D,1743.05
HAL,4261.95
HAPPSTMNDS,763.55
HAPPYFORGE,1136.05
HARDWYN,37.53
HARIOMPIPE,567.55
HARRMALAYA,274.8
HARSHA,504.1
HATHWAY,19.24
HATSUN,1146.7
HAVELLS,1633.55
HAVISHA,2.71
HBLPOWER,559.05
HBSL,132.33
HCC,40.13
HCG,474.65
HCL-INSYS,17.97
HCLTECH,1773.55
HDFCAMC,4294.0
HDFCBANK,1757.85
HDFCBSE500,36.08
HDFCGOLD,68.02
HDFCGROWTH,120.27
HDFCLIFE,717.25
HDFCLIQUID,999.99
HDFCLOWVOL,19.92
HDFCMID150,20.98
HDFCMOMENT,34.68
HDFCNEXT50,70.53
HDFCNIF100,25.54
HDFCNIFBAN,53.35
HDFCNIFIT,41.69
HDFCNIFTY,267.24
HDFCPSUBK,68.94
HDFCPVTBAN,25.8
HDFCQUAL,58.31
HDFCSENSEX,88.4
HDFCSILVER,91.98
HDFCSML250,177.79
HDFCVALUE,140.61
HDIL,4.43
HEADSUP,12.75
HEALTHADD,144.59
HEALTHIETF,146.85
HEALTHY,14.68
HECPROJECT,145.6
HEG,434.45
HEIDELBERG,231.76
HEMIPROP,180.62
HERANBA,518.3
HERCULES,197.51
HERITGFOOD,517.85
HEROMOTOCO,4820.7
HESTERBIO,2401.35
HEUBACHIND,543.75
HEXATRADEX,280.2
HFCL,127.83
HGINFRA,1311.5
HGS,769.7
HIKAL,374.7
HIL,2698.2
HILTON,89.28
HIMATSEIDE,157.68
HINDALCO,697.55
HINDCOMPOS,482.7
HINDCON,46.56
HINDCOPPER,298.55
HINDMOTORS,25.71
HINDNATGLS,24.82
HINDOILEXP,209.5
HINDPETRO,374.85
HINDUNILVR,2521.35
HINDWAREAP,301.45
HINDZINC,559.65
HIRECT,1218.35
HISARMETAL,180.83
HITECH,190.44
HITECHCORP,287.45
HITECHGEAR,832.9
HLEGLAS,376.7
HLVLTD,18.52
HMAAGRO,47.44
HMT,71.5
HMVL,89.88
HNDFDS,593.45
HNGSNGBEES,368.99
HOMEFIRST,1147.35
HONASA,389.15
HONAUT,45013.1
HONDAPOWER,3761.6
HOVS,71.87
HPAL,81.16
HPIL,140.42
HPL,519.25
HSCL,586.65
HTMEDIA,24.57
HUBTOWN,282.6
HUDCO,222.73
HUHTAMAKI,283.8
HYBRIDFIN,14.12
HYUNDAI,1828.25
ICDSLTD,45.96
ICEMAKE,861.6
ICICIB22,113.2
ICICIBANK,1296.7
ICICIGI,1916.05
ICICIPRULI,732.15
ICIL,381.6
ICRA,7133.5
IDBI,82.85
IDEA,8.14
IDEAFORGE,567.6
IDFCFIRSTB,66.31
IDFNIFTYET,265.99
IEL,13.59
IEX,173.15
IFBAGRO,566.95
IFBIND,1588.8
IFCI,57.66
IFGLEXPOR,577.0
IGARASHI,734.05
IGL,420.55
IGPL,576.7
IIFL,448.25
IIFLSEC,399.7
IITL,364.9
IKIO,272.7
IL&FSENGG,47.01
IL&FSTRANS,5.2
IMAGICAA,78.01
IMFA,687.6
IMPAL,1219.9
IMPEXFERRO,3.38
INCREDIBLE,41.35
INDBANK,44.94
INDGN,662.7
INDHOTEL,668.0
INDIACEM,360.45
INDIAGLYCO,1260.2
INDIAMART,2433.15
INDIANB,576.45
INDIANCARD,264.2
INDIANHUME,442.4
INDIASHLTR,697.5
INDIGO,3940.85
INDIGOPNTS,1622.2
INDNIPPON,704.0
INDOAMIN,171.67
INDOBORAX,200.48
INDOCO,312.25
INDORAMA,42.63
INDOSTAR,289.2
INDOTECH,2448.7
INDOTHAI,1067.9
INDOUS,248.3
INDOWIND,22.19
INDRAMEDCO,437.1
INDSWFTLAB,115.2
INDSWFTLTD,21.92
INDTERRAIN,52.45
INDUSINDBK,1090.1
INDUSTOWER,342.15
INFIBEAM,28.04
INFOBEAN,441.75
INFRABEES,899.48
INFRAIETF,89.26
INFY,1754.2
INGERRAND,4090.6
INNOVACAP,821.2
INOXGREEN,164.81
INOXINDIA,1118.35
INOXWIND,218.87
INSECTICID,878.35
INSPIRISYS,115.25
INTELLECT,742.35
INTENTECH,142.53
INTERARCH,1702.45
INTLCONV,85.78
INVENTURE,2.2
IOB,54.1
IOC,140.8
IOLCP,396.85
IONEXCHANG,691.85
IPCALAB,1596.8
IPL,197.83
IRB,51.58
IRCON,212.15
IRCTC,829.1
IREDA,204.77
IRFC,151.44
IRIS,441.05
IRISDOREME,67.59
IRMENERGY,405.35
ISEC,861.95
ISFT,144.75
ISGEC,1320.2
IT,43.18
ITBEES,43.47
ITC,480.2
ITDC,601.85
ITDCEM,556.0
ITETF,41.36
ITETFADD,41.32
ITI,223.91
ITIETF,43.38
IVC,12.25
IVP,240.5
IVZINGOLD,6920.35
IVZINNIFTY,2728.75
IWEL,11934.0
IXIGO,145.16
IZMO,365.3
J&KBANK,100.1
JAGRAN,88.51
JAGSNPHARM,599.45
JAIBALAJI,1051.85
JAICORPLTD,329.0
JAIPURKURT,37.99
JAMNAAUTO,109.98
JASH,484.45
JAYAGROGN,281.45
JAYBARMARU,100.61
JAYNECOIND,42.57
JAYSREETEA,136.75
JBCHEPHARM,1852.9
JBMA,1591.35
JCHAC,1992.6
JETAIRWAYS,35.42
JETFREIGHT,15.36
JGCHEM,349.45
JHS,25.61
JINDALPHOT,731.2
JINDALPOLY,773.4
JINDALSAW,325.3
JINDALSTEL,936.05
JINDRILL,732.95
JINDWORLD,301.25
JIOFIN,321.9
JISLDVREQS,32.79
JISLJALEQS,65.82
JITFINFRA,926.35
JKCEMENT,4122.95
JKIL,747.15
JKLAKSHMI,799.85
JKPAPER,452.05
JKTYRE,389.15
JLHL,1372.75
JMA,101.23
JMFINANCIL,141.22
JNKINDIA,629.75
JOCIL,192.33
JPOLYINVST,724.0
JPPOWER,17.96
JSFB,433.45
JSL,689.9
JSWENERGY,654.8
JSWHL,9937.3
JSWINFRA,310.35
JSWSTEEL,999.5
JTEKTINDIA,172.39
JTLIND,199.59
JUBLFOOD,591.95
JUBLINGREA,728.2
JUBLPHARMA,1238.1
JUNIORBEES,744.96
JUNIPER,336.6
JUSTDIAL,1127.5
JWL,496.75
JYOTHYLAB,491.4
JYOTICNC,1070.95
JYOTISTRUC,38.0
KABRAEXTRU,435.0
KAJARIACER,1230.6
KAKATCEM,193.72
KALAMANDIR,175.59
KALYANIFRG,460.75
KALYANKJIL,652.3
KAMATHOTEL,206.31
KAMDHENU,527.65
KAMOPAINTS,21.92
KANANIIND,2.81
KANORICHEM,129.97
KANPRPLA,113.99
KANSAINER,283.9
KAPSTON,286.1
KARMAENG,74.11
KARURVYSYA,224.67
KAUSHALYA,899.5
KAVVERITEL,52.01
KAYA,402.5
KAYNES,5312.65
KBCGLOBAL,2.33
KCP,218.55
KCPSUGIND,46.54
KDDL,2597.0
KEC,949.05
KECL,191.84
KEEPLEARN,5.09
KEI,3975.15
KELLTONTEC,145.26
KERNEX,754.8
KESORAMIND,213.02
KEYFINSERV,264.1
KFINTECH,1025.45
KHADIM,374.7
KHAICHEM,70.99
KHAITANLTD,88.3
KHANDSE,30.36
KICL,6224.8
KILITCH,312.6
KIMS,556.8
KINGFA,3078.75
KIOCL,337.3
KIRIINDUS,400.9
KIRLOSBROS,2044.5
KIRLOSENG,1106.05
KIRLOSIND,4906.45
KIRLPNU,1599.2
KITEX,615.8
KKCL,625.35
KMSUGAR,35.15
KNRCON,292.0
KOHINOOR,40.83
KOKUYOCMLN,171.24
KOLTEPATIL,361.45
KOPRAN,309.8
KOTAKBANK,1757.15
KOTARISUG,51.29
KOTHARIPET,213.12
KOTHARIPRO,152.36
KPIGREEN,845.0
KPIL,1229.9
KPITTECH,1390.0
KPRMILL,899.5
KRBL,279.6
KREBSBIO,88.52
KRIDHANINF,4.15
KRISHANA,223.85
KRITI,191.36
KRITIKA,13.02
KRITINUT,143.04
KRN,447.95
KRONOX,164.92
KROSS,190.69
KRSNAA,919.45
KRYSTAL,692.45
KSB,795.6
KSCL,926.65
KSHITIJPOL,6.37
KSL,808.75
KSOLVES,970.6
KTKBANK,218.55
KUANTUM,135.1
LAGNAM,108.76
LAKPRE,6.02
LAL,24.04
LALPATHLAB,3070.9
LAMBODHARA,151.87
LANCORHOL,40.69
LANDMARK,621.7
LAOPALA,338.55
LASA,28.53
LATENTVIEW,455.75
LATTEYS,37.34
LAURUSLABS,489.25
LAXMICOT,34.5
LCCINFOTEC,10.03
LEMONTREE,116.78
LEXUS,44.49
LFIC,248.5
LGBBROSLTD,1336.0
LGHL,323.5
LIBAS,17.23
LIBERTSHOE,514.8
LICHSGFIN,632.1
LICI,928.65
LICMFGOLD,7134.2
LICNETFGSC,26.42
LICNETFN50,265.49
LICNETFSEN,881.88
LICNFNHGP,274.7
LICNMID100,57.79
LIKHITHA,368.75
LINC,640.6
LINCOLN,673.55
LINDEINDIA,7807.6
LIQUID,999.99
LIQUID1,1017.15
LIQUIDADD,1039.33
LIQUIDBEES,999.99
LIQUIDBETF,999.99
LIQUIDCASE,105.21
LIQUIDETF,999.99
LIQUIDIETF,999.99
LIQUIDSBI,999.99
LIQUIDSHRI,1021.0
LLOYDSENGG,72.58
LLOYDSENT,46.53
LLOYDSME,975.5
LMW,16535.95
LODHA,1161.7
LOKESHMACH,320.15
LORDSCHLO,141.43
LOTUSEYE,69.89
LOVABLE,128.57
LOWVOL,198.1
LOWVOL1,20.3
LOWVOLIETF,21.4
LOYALTEX,525.65
LPDC,10.07
LT,3574.8
LTF,145.39
LTFOODS,381.25
LTGILTBEES,26.84
LTIM,5719.85
LTTS,4962.4
LUMAXIND,2540.45
LUMAXTECH,520.05
LUPIN,2181.75
LUXIND,1940.4
LXCHEM,272.85
LYKALABS,148.07
LYPSAGEMS,7.66
M&M,2899.45
M&MFIN,276.9
MAANALU,191.1
MACPOWER,1242.8
MADHAV,51.72
MADHUCON,10.13
MADRASFERT,97.29
MAFANG,97.0
MAGADSUGAR,741.45
MAGNUM,48.66
MAHABANK,55.65
MAHAPEXLTD,153.4
MAHASTEEL,217.57
MAHEPC,119.31
MAHESHWARI,58.71
MAHKTECH,20.8
MAHLIFE,486.85
MAHLOG,407.65
MAHSCOOTER,10391.1
MAHSEAMLES,644.15
MAITHANALL,1042.65
MAKEINDIA,144.18
MALLCOM,1494.7
MALUPAPER,47.44
MANAKALUCO,28.46
MANAKCOAT,61.29
MANAKSIA,92.43
MANAKSTEEL,66.37
MANALIPETC,66.63
MANAPPURAM,158.98
MANBA,142.77
MANCREDIT,143.67
MANGALAM,111.78
MANGCHEFER,146.35
MANGLMCEM,852.25
MANINDS,316.15
MANINFRA,193.02
MANKIND,2714.25
MANOMAY,195.24
MANORAMA,995.95
MANORG,544.45
MANUGRAPH,23.02
MANYAVAR,1386.3
MAPMYINDIA,1898.55
MARALOVER,79.03
MARATHON,577.25
MARICO,634.0
MARINE,228.45
MARKSANS,290.55
MARSHALL,29.89
MARUTI,11170.1
MASFIN,292.7
MASKINVEST,187.39
MASPTOP50,45.3
MASTEK,2877.45
MATRIMONY,836.6
MAWANASUG,105.97
MAXESTATES,572.9
MAXHEALTH,1044.6
MAXIND,275.25
MAYURUNIQ,608.95
MAZDA,1294.0
MAZDOCK,4197.8
MBAPL,225.62
MBECL,3.78
MBLINFRA,55.98
MCL,37.89
MCLEODRUSS,30.59
MCX,6538.8
MEDANTA,1061.6
MEDIASSIST,619.65
MEDICAMEQ,529.95
MEDICO,58.58
MEDPLUS,656.4
MEGASOFT,74.38
MEGASTAR,244.3
MENONBE,119.6
METAL,9.5
METALIETF,9.52
METROBRAND,1195.4
METROPOLIS,2149.15
MFML,54.53
MFSL,1251.0
MGEL,24.96
MGL,1379.55
MHLXMIRU,155.92
MHRIL,368.55
MICEL,89.88
MID150BEES,214.41
MID150CASE,10.29
MIDCAP,158.34
MIDCAPETF,21.1
MIDCAPIETF,21.37
MIDHANI,330.3
MIDQ50ADD,250.18
MIDSELIETF,17.69
MIDSMALL,51.37
MINDACORP,520.3
MINDTECK,282.75
MIRCELECTR,23.07
MIRZAINT,40.92
MITCON,117.86
MITTAL,2.27
MKPL,9.21
MMFL,487.55
MMP,344.1
MMTC,77.87
MNC,29.62
MODEFENCE,68.94
MODIRUBBER,118.4
MODISONLTD,162.88
MODTHREAD,57.5
MOGSEC,57.64
MOHEALTH,44.25
MOHITIND,29.57
MOIL,330.2
MOKSH,18.27
MOL,101.32
MOLDTECH,216.32
MOLDTKPAC,732.3
MOLOWVOL,37.11
MOM100,59.93
MOM30IETF,35.19
MOM50,248.26
MOMENTUM,34.91
MOMENTUM50,59.08
MOMOMENTUM,70.03
MON100,164.42
MONARCH,466.5
MONIFTY500,22.91
MONQ50,64.72
MONTECARLO,797.4
MOQUALITY,196.29
MORARJEE,10.15
MOREALTY,98.67
MOREPENLAB,82.34
MOSMALL250,17.74
MOTHERSON,184.17
MOTILALOFS,931.05
MOTISONS,291.8
MOTOGENFIN,34.52
MOVALUE,101.55
MPHASIS,2857.7
MPSLTD,2062.65
MRF,119530.15
MRO-TEK,92.97
MRPL,163.84
MSPL,48.24
MSTCLTD,648.15
MSUMI,64.26
MTARTECH,1620.8
MTEDUCARE,2.7
MTNL,48.13
MUFIN,114.02
MUFTI,190.3
MUKANDLTD,145.93
MUKKA,42.95
MUKTAARTS,85.36
MULTICAP,15.87
MUNJALAU,132.65
MUNJALSHOW,153.57
MURUDCERA,51.33
MUTHOOTCAP,394.4
MUTHOOTFIN,1913.35
MUTHOOTMF,212.66
MVGJL,251.75
NACLIND,52.35
NAGAFERT,10.36
NAGREEKCAP,24.64
NAGREEKEXP,36.7
NAHARCAP,307.95
NAHARINDUS,140.57
NAHARPOLY,232.1
NAHARSPING,275.65
NAM-INDIA,717.85
NARMADA,16.21
NATCOPHARM,1421.95
NATHBIOGEN,189.96
NATIONALUM,235.03
NAUKRI,7640.9
NAVA,999.65
NAVINFLUOR,3375.6
NAVINIFTY,316.0
NAVKARCORP,132.32
NAVNETEDUL,142.81
NAZARA,926.15
NBCC,96.86
NBIFIN,2411.25
NCC,306.65
NCLIND,207.31
NDGL,5520.0
NDL,6.2
NDLVENTURE,114.83
NDRAUTO,786.65
NDTV,164.97
NECCLTD,33.38
NECLIFE,38.89
NELCAST,123.63
NELCO,920.2
NEOGEN,2203.8
NESCO,1002.0
NESTLEIND,2262.45
NETF,258.84
NETWEB,2654.8
NETWORK18,83.61
NEULANDLAB,15858.2
NEWGEN,1279.85
NEXT50,710.7
NEXT50IETF,72.69
NEXTMEDIA,7.28
NFL,112.09
NGIL,37.33
NGLFINE,1958.55
NH,1195.5
NHPC,80.18
NIACL,189.75
NIBL,28.32
NIF100BEES,263.16
NIF100IETF,27.68
NIF10GETF,24.11
NIFITETF,412.89
NIFMID150,208.91
NIFTY1,263.45
NIFTY50ADD,249.73
NIFTYBEES,270.79
NIFTYBETF,244.6
NIFTYETF,258.32
NIFTYIETF,269.29
NIFTYQLITY,21.74
NIITLTD,163.14
NIITMTS,434.15
NILAINFRA,12.18
NILASPACES,12.11
NILKAMAL,1965.15
NINSYS,585.3
NIPPOBATRY,560.4
NIRAJ,59.59
NITCO,117.02
NITINSPIN,425.65
NITIRAJ,236.82
NKIND,48.87
NLCINDIA,255.95
NMDC,234.73
NOCIL,276.05
NOIDATOLL,15.84
NORBTEAEXP,18.16
NORTHARC,259.85
NOVAAGRI,61.37
NPBET,262.14
NRAIL,351.95
NRBBEARING,267.7
NRL,113.38
NSIL,6277.6
NSLNISP,47.92
NTPC,403.1
NUCLEUS,1214.45
NURECA,291.4
NUVAMA,7046.45
NUVOCO,354.55
NV20,157.99
NV20BEES,156.41
NV20IETF,15.31
NYKAA,183.39
OAL,615.3
OBCL,56.49
OBEROIRLTY,1998.7
OCCL,269.4
OCCLLTD,86.19
OFSS,10938.35
OIL,495.6
OILCOUNTUB,53.21
OILIETF,11.31
OLAELEC,74.18
OLECTRA,1611.35
OMAXAUTO,124.26
OMAXE,117.29
OMINFRAL,166.6
OMKARCHEM,10.68
ONELIFECAP,16.12
ONEPOINT,63.5
ONGC,267.4
ONMOBILE,79.33
ONWARDTEC,339.1
OPTIEMUS,673.8
ORBTEXP,179.43
ORCHPHARMA,1421.6
ORICONENT,34.95
ORIENTALTL,11.11
ORIENTBELL,344.15
ORIENTCEM,342.05
ORIENTCER,46.81
ORIENTELEC,238.89
ORIENTHOT,176.79
ORIENTLTD,109.03
ORIENTPPR,41.61
ORIENTTECH,364.5
ORISSAMINE,8011.35
ORTINGLOBE,19.51
OSIAHYPER,35.02
OSWALAGRO,73.66
OSWALGREEN,48.84
OSWALSEEDS,23.71
PAGEIND,43375.2
PAISALO,45.47
PAKKA,302.9
PALASHSECU,169.51
PALREDTEC,101.33
PANACEABIO,377.1
PANACHE,170.7
PANAMAPET,374.85
PANSARI,165.52
PAR,302.6
PARACABLES,71.92
PARADEEP,109.05
PARAGMILK,200.98
PARAS,1040.65
PARASPETRO,3.63
PARKHOTELS,150.21
PARSVNATH,19.05
PASUPTAC,50.88
PATANJALI,1855.95
PATELENG,50.8
PATINTLOG,20.67
PAVNAIND,638.3
PAYTM,764.45
PCBL,423.5
PCJEWELLER,157.37
PDMJEPAPER,135.92
PDSL,539.85
PEARLPOLY,35.96
PEL,1072.15
PENIND,198.13
PENINLAND,47.95
PERSISTENT,5420.2
PETRONET,334.6
PFC,461.5
PFIZER,5252.45
PFOCUS,137.7
PFS,43.95
PGEL,631.7
PGHH,15996.7
PGHL,5544.05
PGIL,1019.3
PHARMABEES,23.09
PHOENIXLTD,1500.75
PIDILITIND,3104.55
PIGL,232.19
PIIND,4537.9
PILANIINVS,5972.35
PILITA,15.31
PIONEEREMB,46.78
PITTIENG,1336.2
PIXTRANS,1617.5
PKTEA,540.85
PLASTIBLEN,248.09
PLATIND,434.15
PLAZACABLE,80.03
PNB,104.71
PNBGILTS,120.5
PNBHOUSING,985.7
PNC,62.07
PNCINFRA,314.85
PNGJL,707.3
POCL,1003.0
PODDARHOUS,71.99
PODDARMENT,365.8
POKARNA,1065.15
POLICYBZR,1641.95
POLYCAB,6632.55
POLYMED,2815.3
POLYPLEX,1135.95
PONNIERODE,439.6
POONAWALLA,369.85
POWERGRID,316.6
POWERINDIA,13986.3
POWERMECH,2935.8
PPAP,187.77
PPL,539.95
PPLPHARMA,273.5
PRAENG,35.4
PRAJIND,714.4
PRAKASH,170.62
PRAKASHSTL,8.96
PRAXIS,25.91
PRECAM,320.05
PRECOT,494.7
PRECWIRE,191.54
PREMEXPLN,453.5
PREMIER,3.98
PREMIERENE,1168.15
PREMIERPOL,59.9
PRESTIGE,1599.7
PRICOLLTD,465.15
PRIMESECU,317.6
PRINCEPIPE,474.65
PRITI,163.84
PRITIKAUTO,24.52
PRIVISCL,1889.55
PROZONER,23.3
PRSMJOHNSN,189.99
PRUDENT,2935.25
PRUDMOULI,67.07
PSB,52.91
PSPPROJECT,601.25
PSUBANK,685.43
PSUBANKADD,68.83
PSUBNKBEES,76.54
PSUBNKIETF,69.35
PTC,180.53
PTCIL,11796.5
PTL,42.28
PUNJABCHEM,1088.8
PURVA,433.05
PVP,29.35
PVRINOX,1503.7
PVSL,167.03
PVTBANIETF,25.58
PVTBANKADD,25.66
PYRAMID,229.42
QGOLDHALF,65.8
QNIFTY,2616.15
QUAL30IETF,21.55
QUESS,718.65
QUICKHEAL,602.65
RACE,386.35
RADAAN,3.78
RADHIKAJWE,118.27
RADIANTCMS,76.39
RADICO,2393.55
RADIOCITY,13.09
RAILTEL,408.85
RAIN,161.82
RAINBOW,1549.25
RAJESHEXPO,259.1
RAJMET,10.1
RAJRATAN,534.05
RAJRILTD,23.58
RAJSREESUG,64.67
RAJTV,46.69
RALLIS,338.65
RAMANEWS,19.38
RAMAPHO,208.35
RAMASTEEL,13.43
RAMCOCEM,874.8
RAMCOIND,252.4
RAMCOSYS,429.8
RAMKY,625.0
RAMRAT,606.25
RANASUG,19.84
RANEENGINE,424.9
RANEHOLDIN,1806.4
RATEGAIN,789.7
RATNAMANI,3671.7
RATNAVEER,204.11
RAYMOND,1639.15
RAYMONDLSL,2201.0
RBA,91.09
RBL,1006.05
RBLBANK,171.24
RBZJEWEL,212.53
RCF,161.34
RECLTD,526.0
REDINGTON,197.14
REDTAPE,917.15
REFEX,479.3
REGENCERAM,67.68
RELAXO,767.2
RELCHEMQ,215.08
RELIABLE,76.26
RELIANCE,1305.3
RELIGARE,250.48
RELINFRA,294.25
RELTD,132.2
REMSONSIND,175.76
RENUKA,43.21
REPCOHOME,476.25
REPL,198.8
REPRO,504.95
RESPONIND,262.9
RETAIL,42.15
REVATHIEQU,2136.9
RGL,182.45
RHIM,583.75
RHL,186.23
RICOAUTO,95.75
RIIL,1113.7
RISHABH,354.9
RITCO,390.9
RITES,294.7
RKDL,26.84
RKEC,117.29
RKFORGE,919.7
RKSWAMY,232.17
RML,955.2
ROHLTD,325.1
ROLEXRINGS,2235.0
ROLLT,2.62
ROML,51.34
ROSSARI,800.55
ROSSELLIND,93.41
ROTO,545.7
ROUTE,1500.0
RPEL,1424.85
RPGLIFE,2634.8
RPOWER,41.52
RPPINFRA,180.0
RPPL,40.04
RPSGVENT,1118.7
RPTECH,405.8
RRKABEL,1515.55
RSSOFTWARE,264.65
RSWM,196.81
RSYSTEMS,502.2
RTNINDIA,71.35
RTNPOWER,14.08
RUBFILA,79.61
RUBYMILLS,241.19
RUCHINFRA,12.85
RUCHIRA,129.33
RUPA,265.9
RUSHIL,36.94
RUSTOMJEE,711.9
RVHL,51.66
RVNL,450.9
S&SPOWER,387.6
SABEVENTS,15.05
SABTNL,1408.25
SADBHAV,30.83
SADBHIN,6.7
SADHNANIQ,49.45
SAFARI,2225.55
SAGARDEEP,26.68
SAGCEM,224.24
SAH,105.92
SAHYADRI,344.65
SAIL,118.53
SAKAR,322.8
SAKHTISUG,34.93
SAKSOFT,225.7
SAKUMA,4.31
SALASAR,17.6
SALONA,311.1
SALSTEEL,25.91
SALZERELEC,1056.0
SAMBHAAV,5.61
SAMHI,182.26
SAMMAANCAP,143.48
SAMPANN,32.23
SANCO,4.09
SANDESH,1656.95
SANDHAR,496.5
SANDUMA,448.8
SANGAMIND,387.25
SANGHIIND,89.06
SANGHVIMOV,407.05
SANGINITA,15.99
SANOFI,6606.95
SANOFICONR,4899.8
SANSERA,1543.35
SANSTAR,119.41
SANWARIA,0.51
SAPPHIRE,321.25
SARDAEN,445.25
SAREGAMA,512.5
SARLAPOLY,93.14
SARVESHWAR,9.76
SASKEN,1789.85
SASTASUNDR,344.1
SATIA,112.48
SATIN,162.02
SATINDLTD,122.8
SAURASHCEM,119.22
SBC,28.43
SBCL,643.75
SBFC,85.08
SBGLP,113.98
SBICARD,694.95
SBIETFCON,117.07
SBIETFIT,433.67
SBIETFPB,258.53
SBIETFQLTY,226.68
SBILIFE,1633.2
SBIN,849.2
SBINEQWETF,30.77
SBISILVER,93.71
SCHAEFFLER,3442.95
SCHAND,212.41
SCHNEIDER,776.55
SCI,215.59
SCILAL,66.04
SCPL,348.75
SDBL,105.65
SDL26BEES,125.53
SEAMECLTD,1327.2
SECMARK,109.7
SECURCRED,3.89
SECURKLOUD,37.43
SEJALLTD,664.8
SELAN,912.0
SELMC,44.8
SEMAC,412.7
SENCO,1155.55
SENSEXADD,81.59
SENSEXETF,80.42
SENSEXIETF,894.95
SEPC,26.66
SEQUENT,211.07
SERVOTECH,186.35
SESHAPAPER,298.1
SETCO,10.56
SETF10GILT,239.6
SETFGOLD,68.0
SETFNIF50,255.8
SETFNIFBK,530.4
SETFNN50,736.17
SETUINFRA,0.95
SFL,849.35
SGIL,395.1
SGL,15.99
SHAH,4.93
SHAHALLOYS,72.15
SHAILY,1045.15
SHAKTIPUMP,4442.6
SHALBY,231.43
SHALPAINTS,116.2
SHANKARA,537.45
SHANTI,15.58
SHANTIGEAR,558.25
SHARDACROP,811.4
SHARDAMOTR,2168.5
SHAREINDIA,288.15
SHARIABEES,546.77
SHEKHAWATI,40.45
SHEMAROO,162.29
SHILPAMED,833.55
SHIVALIK,559.45
SHIVAMAUTO,38.65
SHIVAMILLS,94.41
SHIVATEX,231.67
SHK,305.65
SHOPERSTOP,659.95
SHRADHA,165.13
SHREDIGCEM,90.24
SHREECEM,24695.9
SHREEPUSHK,261.3
SHREERAMA,43.25
SHRENIK,0.8
SHREYANIND,248.29
SHRIPISTON,2045.25
SHRIRAMFIN,3162.3
SHRIRAMPPS,108.49
SHYAMCENT,16.63
SHYAMMETL,871.6
SHYAMTEL,25.64
SICALLOG,154.46
SIEMENS,6957.65
SIGACHI,50.17
SIGIND,71.37
SIGMA,349.3
SIGNATURE,1360.8
SIGNPOST,232.61
SIKKO,98.28
SIL,27.65
SILGO,45.06
SILINV,638.6
SILLYMONKS,23.49
SILVER,95.31
SILVER1,92.94
SILVERADD,92.08
SILVERBEES,91.71
SILVERETF,92.8
SILVERIETF,95.44
SILVERTUC,709.55
SILVRETF,93.02
SIMBHALS,23.08
SIMPLEXINF,284.9
SINCLAIR,96.24
SINDHUTRAD,22.45
SINTERCOM,153.82
SIRCA,367.05
SIS,395.55
SITINET,0.9
SIYSIL,648.55
SJS,1214.1
SJVN,113.56
SKFINDIA,5049.85
SKIPPER,541.4
SKMEGGPROD,241.12
SKYGOLD,3483.55
SMALLCAP,50.98
SMARTLINK,235.58
SMCGLOBAL,140.07
SMLISUZU,1786.95
SMLT,183.98
SMSLIFE,1325.0
SMSPHARMA,305.7
SNOWMAN,70.94
SOBHA,1591.3
SOFTTECH,407.6
SOLARA,798.4
SOLARINDS,10017.5
SOMANYCERA,670.4
SOMATEX,50.12
SOMICONVEY,156.0
SONACOMS,688.9
SONAMLTD,92.53
SONATSOFTW,600.9
SOTL,521.15
SOUTHBANK,24.08
SOUTHWEST,116.55
SPAL,941.9
SPANDANA,396.15
SPARC,209.84
SPCENET,24.76
SPECIALITY,161.95
SPENCERS,92.58
SPIC,79.23
SPLIL,56.98
SPLPETRO,765.6
SPMLINFRA,226.51
SPORTKING,103.03
SRD,65.61
SREEL,260.15
SRF,2299.15
SRGHFL,336.7
SRHHYPOLTD,764.5
SRM,264.7
SRPL,1.6
SSDL,128.8
SSWL,214.4
STANLEY,476.05
STAR,1542.55
STARCEMENT,205.97
STARHEALTH,480.5
STARPAPER,204.14
STARTECK,267.1
STCINDIA,153.49
STEELCAS,798.3
STEELCITY,117.39
STEELXIND,11.19
STEL,507.15
STERTOOLS,514.65
STLTECH,121.8
STOVEKRAFT,799.65
STYLAMIND,2356.8
STYLEBAAZA,342.3
STYRENIX,2478.4
SUBEXLTD,23.97
SUBROS,654.7
SUDARSCHEM,990.85
SUKHJITS,251.6
SULA,427.0
SUMICHEM,566.85
SUMIT,140.04
SUMMITSEC,2655.1
SUNCLAY,2273.05
SUNDARAM,2.72
SUNDARMFIN,4919.85
SUNDARMHLD,341.25
SUNDRMBRAK,841.15
SUNDRMFAST,1350.2
SUNFLAG,213.96
SUNPHARMA,1803.6
SUNTECK,553.55
SUNTV,744.95
SUPERHOUSE,222.26
SUPERSPIN,10.49
SUPRAJIT,523.6
SUPREMEENG,3.93
SUPREMEIND,4362.35
SUPREMEINF,129.14
SUPRIYA,645.25
SURAJEST,695.15
SURAJLTD,440.0
SURANASOL,55.06
SURANAT&P,22.05
SURYALAXMI,83.2
SURYAROSNI,666.95
SURYODAY,151.24
SUTLEJTEX,60.66
SUULD,4.3
SUVEN,129.5
SUVENPHAR,1334.2
SUVIDHAA,5.25
SUYOG,1664.45
SUZLON,67.37
SVLL,328.2
SVPGLOB,5.87
SWANENERGY,495.75
SWARAJENG,3023.3
SWELECTES,1219.8
SWSOLAR,575.95
SYMPHONY,1596.65
SYNCOMF,20.74
SYNGENE,867.75
SYRMA,506.7
TAINWALCHM,262.5
TAJGVK,326.4
TAKE,17.99
TALBROAUTO,304.75
TANLA,739.2
TARACHAND,458.8
TARAPUR,28.94
TARC,231.55
TARIL,952.5
TARMAT,76.88
TARSONS,420.1
TASTYBITE,11977.7
TATACHEM,1129.8
TATACOMM,1756.05
TATACONSUM,1000.75
TATAELXSI,7031.6
TATAGOLD,7.75
TATAINVEST,6688.8
TATAMOTORS,835.65
TATAPOWER,434.1
TATASTEEL,152.29
TATATECH,1012.1
TATSILV,9.3
TATVA,856.8
TBOTEK,1569.8
TBZ,261.6
TCI,1221.75
TCIEXP,971.65
TCIFINANCE,13.35
TCLCONS,37.9
TCPLPACK,3279.65
TCS,3971.35
TDPOWERSYS,439.25
TEAMLEASE,2688.7
TECH,42.52
TECHIN,38.9
TECHM,1632.65
TECHNOE,1583.6
TECILCHEM,24.0
TEGA,2042.7
TEJASNET,1308.65
TEMBO,601.25
TERASOFT,79.95
TEXINFRA,119.04
TEXMOPIPES,70.23
TEXRAIL,219.94
TFCILTD,158.48
TFL,28.09
TGBHOTELS,15.12
THANGAMAYL,2246.9
THEINVEST,210.85
THEJO,2300.8
THEMISMED,273.1
THERMAX,5011.2
THOMASCOOK,187.18
THOMASCOTT,213.34
THYROCARE,959.35
TI,339.5
TIIL,2978.6
TIINDIA,4183.3
TIJARIA,10.58
TIL,329.3
TIMESGTY,156.2
TIMETECHNO,409.65
TIMKEN,3426.1
TIPSFILMS,518.1
TIPSMUSIC,909.85
TIRUMALCHM,307.35
TIRUPATIFL,49.18
TITAGARH,1193.8
TITAN,3230.25
TMB,443.2
TNIDETF,92.32
TNPETRO,83.64
TNPL,177.62
TNTELE,10.18
TOKYOPLAST,134.23
TOLINS,169.19
TOP100CASE,10.35
TOP10ADD,93.27
TORNTPHARM,3184.15
TORNTPOWER,1709.9
TOTAL,81.25
TOUCHWOOD,152.54
TPHQ,1.42
TPLPLASTEH,102.21
TRACXN,82.2
TRANSWORLD,387.75
TREEHOUSE,17.1
TREJHARA,265.56
TREL,40.16
TRENT,6968.35
TRF,439.95
TRIDENT,34.05
TRIGYN,117.2
TRITURBINE,662.55
TRIVENI,417.15
TRU,25.01
TTKHLTCARE,1537.7
TTKPRESTIG,869.35
TTL,163.62
TTML,72.07
TVSELECT,388.65
TVSHLTD,12407.3
TVSMOTOR,2458.4
TVSSCS,191.42
TVSSRICHAK,3794.6
TVTODAY,199.89
TVVISION,19.3
UBL,1951.0
UCAL,167.36
UCOBANK,46.05
UDAICEMENT,30.57
UDS,414.0
UFLEX,580.65
UFO,111.18
UGARSUGAR,80.07
UGROCAP,250.51
UJJIVANSFB,38.08
ULTRACEMCO,11176.35
UMAEXPORTS,117.87
UMANGDAIRY,88.74
UMESLTD,7.85
UNICHEMLAB,867.2
UNIDT,243.21
UNIECOM,198.87
UNIENTER,145.62
UNIINFO,36.23
UNIONBANK,117.38
UNIPARTS,451.15
UNITDSPR,1446.35
UNITECH,10.08
UNITEDPOLY,119.95
UNITEDTEA,474.8
UNIVASTU,233.54
UNIVCABLES,659.4
UNIVPHOTO,362.45
UNOMINDA,945.65
UPL,559.05
URAVI,481.0
URJA,19.18
USHAMART,421.6
USK,59.62
UTIAMC,1327.3
UTIBANKETF,53.32
UTINEXT50,74.0
UTINIFTETF,262.68
UTISENSETF,865.47
UTISXN50,86.33
UTKARSHBNK,41.4
UTTAMSUGAR,321.4
UYFINCORP,29.36
V2RETAIL,1152.8
VADILALIND,3863.35
VAIBHAVGBL,287.7
VAISHALI,18.75
VAKRANGEE,26.72
VAL30IETF,13.14
VALIANTLAB,115.91
VALIANTORG,402.35
VARDHACRLC,55.72
VARDMNPOLY,10.64
VARROC,518.25
VASCONEQ,54.94
VASWANI,51.12
VBL,586.25
VCL,0.85
VEDL,469.8
VEEDOL,1902.5
VENKEYS,1829.75
VENUSPIPES,1883.55
VENUSREM,310.0
VERANDA,285.05
VERTOZ,17.24
VESUVIUS,5219.0
VETO,134.43
VGUARD,440.55
VHL,4121.95
VHLTD,135.9
VIDHIING,469.85
VIJAYA,984.85
VIJIFIN,3.12
VIKASECO,3.49
VIKASLIFE,4.55
VIMTALABS,570.45
VINATIORGA,1879.65
VINCOFE,128.16
VINDHYATEL,2073.1
VINEETLAB,55.87
VINNY,1.89
VINYLINDIA,368.85
VIPCLOTHNG,41.76
VIPIND,478.0
VIPULLTD,30.5
VIRINCHI,30.3
VISAKAIND,102.38
VISASTEEL,29.27
VISHNU,544.2
VISHWARAJ,17.0
VIVIDHA,1.07
VLEGOV,150.74
VLSFINANCE,410.8
VMART,4176.65
VOLTAMP,10594.35
VOLTAS,1694.7
VPRPL,311.6
VRAJ,225.33
VRLLOG,550.85
VSSL,273.85
VSTIND,334.9
VSTL,245.85
VSTTILLERS,4699.2
VTL,475.7
WAAREEENER,3472.7
WABAG,1720.75
WALCHANNAG,320.45
WANBURY,232.45
WCIL,127.94
WEALTH,1552.65
WEBELSOLAR,1554.05
WEIZMANIND,126.22
WEL,1567.7
WELCORP,745.95
WELENT,482.6
WELINV,967.75
WELSPUNLIV,154.63
WENDT,15161.6
WESTLIFE,764.85
WEWIN,72.5
WHEELS,707.2
WHIRLPOOL,2039.25
WILLAMAGOR,37.95
WINDLAS,1045.0
WINDMACHIN,206.3
WINSOME,3.77
WIPL,194.0
WIPRO,543.7
WOCKPHARMA,1271.1
WONDERLA,849.65
WORTH,126.0
WSI,132.82
WSTCSTPAPR,567.35
XCHANGING,109.01
XELPMOC,150.75
XPROINDIA,1106.9
XTGLOBAL,44.54
YAARI,12.77
YASHO,1853.8
YATHARTH,672.05
YATRA,110.27
YESBANK,20.62
YUKEN,1188.55
ZAGGLE,414.7
ZEEL,121.44
ZEELEARN,9.7
ZEEMEDIA,20.55
ZENITHEXPO,310.25
ZENITHSTL,9.06
ZENSARTECH,705.15
ZENTEC,1877.9
ZFCVINDIA,14502.05
ZIMLAB,106.56
ZODIAC,576.4
ZODIACLOTH,118.53
ZOMATO,241.87
ZOTA,613.25
ZUARI,199.26
ZUARIIND,340.35
ZYDUSLIFE,988.45
ZYDUSWELL,1947.85
